model_id,organization,author,count,gender
Alibaba-NLP/gte-large-en-v1.5,Alibaba-NLP,Xenova,2,male
Alibaba-NLP/gte-large-en-v1.5,Alibaba-NLP,izhx,11,unknown
Alibaba-NLP/gte-large-en-v1.5,Alibaba-NLP,thenlper,3,male
Alibaba-NLP/gte-large-en-v1.5,Alibaba-NLP,tomaarsen,1,male
AutonLab/MOMENT-1-large,AutonLab,KonradSzafer,9,male
AutonLab/MOMENT-1-large,AutonLab,MononitoGoswami,8,unknown
AutonLab/MOMENT-1-large,AutonLab,SFconvertbot,1,unknown
BAAI/bge-small-en-v1.5,BAAI,AshokRaja,1,unknown
BAAI/bge-small-en-v1.5,BAAI,Shitao,7,male
BAAI/bge-small-en-v1.5,BAAI,Tim,1,male
BAAI/bge-small-en-v1.5,BAAI,ldwang,7,unknown
BAAI/bge-small-en-v1.5,BAAI,michaelfeil,1,male
Babelscape/wikineural-multilingual-ner,Babelscape,SFconvertbot,1,unknown
Babelscape/wikineural-multilingual-ner,Babelscape,Simone Tedeschi,16,male
Babelscape/wikineural-multilingual-ner,Babelscape,lbourdois,1,male
Babelscape/wikineural-multilingual-ner,Babelscape,sted97,11,male
Babelscape/wikineural-multilingual-ner,Babelscape,system,1,unknown
BridgeTower/bridgetower-large-itm-mlm-itc,BridgeTower,anahita-b,6,female
BridgeTower/bridgetower-large-itm-mlm-itc,BridgeTower,shaoyent,6,unknown
ByteDance/Hyper-SD,ByteDance,Yanzuo,17,unknown
ByteDance/Hyper-SD,ByteDance,renyuxi,43,unknown
CIDAS/clipseg-rd64-refined,CIDAS,nielsr,8,male
CompVis/stable-diffusion-safety-checker,CompVis,Ezi,1,unknown
CompVis/stable-diffusion-safety-checker,CompVis,valhalla,3,male
DeepChem/ChemBERTa-77M-MTR,DeepChem,Walid Ahmad,2,unknown
DeepChem/ChemBERTa-77M-MTR,DeepChem,system,1,unknown
DeepFloyd/t5-v1_1-xxl,DeepFloyd,Alex Shonenkov,1,male
DeepFloyd/t5-v1_1-xxl,DeepFloyd,shonenkov,2,male
DeepPavlov/rubert-base-cased,DeepPavlov,Yura Kuratov,1,unknown
DeepPavlov/rubert-base-cased,DeepPavlov,julien-c,1,male
DeepPavlov/rubert-base-cased,DeepPavlov,patrickvonplaten,2,male
DeepPavlov/rubert-base-cased,DeepPavlov,system,8,unknown
DeepPavlov/rubert-base-cased,DeepPavlov,yurakuratov,1,male
Efficient-Large-Model/Llama-3-VILA1.5-8B-Fix,Efficient-Large-Model,Seerkfang,2,male
EleutherAI/gpt-neo-2.7B,EleutherAI,LysandreJik,3,male
EleutherAI/gpt-neo-2.7B,EleutherAI,SFconvertbot,1,unknown
EleutherAI/gpt-neo-2.7B,EleutherAI,guillaume-be,2,male
EleutherAI/gpt-neo-2.7B,EleutherAI,lg,1,male
EleutherAI/gpt-neo-2.7B,EleutherAI,lysandre,1,male
EleutherAI/gpt-neo-2.7B,EleutherAI,stellaathena,12,female
EleutherAI/gpt-neo-2.7B,EleutherAI,system,1,unknown
EleutherAI/gpt-neo-2.7B,EleutherAI,valhalla,3,male
EmergentMethods/gliner_medium_news-v2.1,EmergentMethods,rcaulk,11,male
EmergentMethods/gliner_medium_news-v2.1,EmergentMethods,robcaulk,1,male
EmergentMethods/gliner_medium_news-v2.1,EmergentMethods,thorntwig,7,female
EmergentMethods/gliner_medium_news-v2.1,EmergentMethods,tomaarsen,1,male
FacebookAI/xlm-roberta-large,FacebookAI,MhondGhod,1,unknown
FacebookAI/xlm-roberta-large,FacebookAI,Narsil,1,male
FacebookAI/xlm-roberta-large,FacebookAI,fxmarty,1,unknown
FacebookAI/xlm-roberta-large,FacebookAI,joaogante,1,male
FacebookAI/xlm-roberta-large,FacebookAI,julien-c,1,male
FacebookAI/xlm-roberta-large,FacebookAI,lbourdois,1,male
FacebookAI/xlm-roberta-large,FacebookAI,lysandre,1,male
FacebookAI/xlm-roberta-large,FacebookAI,mushfiqurrobin,1,unknown
FacebookAI/xlm-roberta-large,FacebookAI,nielsr,1,male
FacebookAI/xlm-roberta-large,FacebookAI,osanseviero,1,unknown
FacebookAI/xlm-roberta-large,FacebookAI,sgugger,1,unknown
FacebookAI/xlm-roberta-large,FacebookAI,system,7,unknown
FacebookAI/xlm-roberta-large,FacebookAI,valhalla,3,male
Falconsai/nsfw_image_detection,Falconsai,RealFalconsAI,14,unknown
Falconsai/nsfw_image_detection,Falconsai,SFconvertbot,1,unknown
Falconsai/nsfw_image_detection,Falconsai,mstatt,1,male
Hate-speech-CNERG/tamil-codemixed-abusive-MuRIL,Hate-speech-CNERG,leowin,6,male
Hate-speech-CNERG/tamil-codemixed-abusive-MuRIL,Hate-speech-CNERG,mithundas,2,male
Helsinki-NLP/opus-mt-fr-en,Helsinki-NLP,joaogante,3,male
Helsinki-NLP/opus-mt-fr-en,Helsinki-NLP,julien-c,1,male
Helsinki-NLP/opus-mt-fr-en,Helsinki-NLP,patrickvonplaten,3,male
Helsinki-NLP/opus-mt-fr-en,Helsinki-NLP,system,25,unknown
HooshvareLab/bert-fa-base-uncased-ner-peyma,HooshvareLab,m3hrdadfi,1,male
HooshvareLab/bert-fa-base-uncased-ner-peyma,HooshvareLab,patrickvonplaten,2,male
HooshvareLab/bert-fa-base-uncased-ner-peyma,HooshvareLab,system,10,unknown
HuggingFaceH4/zephyr-7b-beta,HuggingFaceH4,Wauplin,3,male
HuggingFaceH4/zephyr-7b-beta,HuggingFaceH4,clefourrier,2,female
HuggingFaceH4/zephyr-7b-beta,HuggingFaceH4,edbeeching,3,male
HuggingFaceH4/zephyr-7b-beta,HuggingFaceH4,leaderboard-pr-bot,1,unknown
HuggingFaceH4/zephyr-7b-beta,HuggingFaceH4,lewtun,16,male
HuggingFaceH4/zephyr-7b-beta,HuggingFaceH4,lvwerra,1,male
HuggingFaceH4/zephyr-7b-beta,HuggingFaceH4,natolambert,1,unknown
HuggingFaceH4/zephyr-7b-beta,HuggingFaceH4,sbrandeis,1,unknown
HuggingFaceM4/siglip-so400m-14-384,HuggingFaceM4,HugoLaurencon,17,male
HuggingFaceM4/siglip-so400m-14-384,HuggingFaceM4,Leyo,1,unknown
IDEA-Research/grounding-dino-tiny,IDEA-Research,EduardoPacheco,10,male
IDEA-Research/grounding-dino-tiny,IDEA-Research,nielsr,9,male
InstantX/InstantID,InstantX,wanghaofan,8,male
InstantX/InstantID,InstantX,wangqixun,2,male
Intel/dpt-hybrid-midas,Intel,Younes Belkada,1,unknown
Intel/dpt-hybrid-midas,Intel,bconsolvo,1,male
Intel/dpt-hybrid-midas,Intel,coyotte508,2,unknown
Intel/dpt-hybrid-midas,Intel,nielsr,3,male
Intel/dpt-hybrid-midas,Intel,ybelkada,11,unknown
LTP/small,LTP,ylfeng,6,male
Lajavaness/bilingual-embedding-large,Lajavaness,dangvantuan,14,male
Lajavaness/bilingual-embedding-large,Lajavaness,tuan.ljn,9,unknown
M-CLIP/XLM-Roberta-Large-Vit-B-32,M-CLIP,FreddeFrallan,2,male
M-CLIP/XLM-Roberta-Large-Vit-B-32,M-CLIP,Fredrik Carlsson,2,male
M-CLIP/XLM-Roberta-Large-Vit-B-32,M-CLIP,Lauler,3,male
M-CLIP/XLM-Roberta-Large-Vit-B-32,M-CLIP,lbourdois,1,male
M-CLIP/XLM-Roberta-Large-Vit-B-32,M-CLIP,rom1504,1,male
MCG-NJU/videomae-large,MCG-NJU,SFconvertbot,1,unknown
MCG-NJU/videomae-large,MCG-NJU,nielsr,7,male
MIT/ast-finetuned-audioset-10-10-0.4593,MIT,SFconvertbot,1,unknown
MIT/ast-finetuned-audioset-10-10-0.4593,MIT,nielsr,14,male
MMG/xlm-roberta-large-ner-spanish,MMG,SFconvertbot,1,unknown
MMG/xlm-roberta-large-ner-spanish,MMG,jorgealro,12,male
MMG/xlm-roberta-large-ner-spanish,MMG,system,1,unknown
Marqo/marqo-fashionSigLIP,Marqo,DavidJung,10,male
Marqo/marqo-fashionSigLIP,Marqo,Jesse-marqo,1,male
Marqo/marqo-fashionSigLIP,Marqo,Tomhamer5,2,male
Marqo/marqo-fashionSigLIP,Marqo,Xenova,1,male
Marqo/marqo-fashionSigLIP,Marqo,elliesleightholm,3,female
NeuML/pubmedbert-base-embeddings,NeuML,davidmezzetti,5,male
NousResearch/Llama-2-7b-chat-hf,NousResearch,ArthurZ,2,male
NousResearch/Llama-2-7b-chat-hf,NousResearch,chrismarra,2,male
NousResearch/Llama-2-7b-chat-hf,NousResearch,emozilla,1,male
NousResearch/Llama-2-7b-chat-hf,NousResearch,fxmarty,1,unknown
NousResearch/Llama-2-7b-chat-hf,NousResearch,osanseviero,1,unknown
NousResearch/Llama-2-7b-chat-hf,NousResearch,teknium,1,unknown
OpenAssistant/oasst-sft-4-pythia-12b-epoch-3.5,OpenAssistant,andreaskoepf,11,male
OpenGVLab/InternVL2-8B,OpenGVLab,Weiyun1025,15,unknown
OpenGVLab/InternVL2-8B,OpenGVLab,cuierfei,4,unknown
OpenGVLab/InternVL2-8B,OpenGVLab,czczup,59,male
OpenGVLab/InternVL2-8B,OpenGVLab,kingsley01,1,unknown
OpenGVLab/InternVL2-8B,OpenGVLab,kosung,1,unknown
OpenGVLab/InternVL2-8B,OpenGVLab,marko1616,1,unknown
OpenGVLab/InternVL2-8B,OpenGVLab,merve,1,unknown
OpenGVLab/InternVL2-8B,OpenGVLab,qishisuren,1,unknown
OpenGVLab/InternVL2-8B,OpenGVLab,wxsm,1,unknown
ProsusAI/finbert,ProsusAI,Ubuntu,1,unknown
ProsusAI/finbert,ProsusAI,Zulkuf,4,unknown
ProsusAI/finbert,ProsusAI,doguaraci,10,unknown
ProsusAI/finbert,ProsusAI,joaogante,1,male
ProsusAI/finbert,ProsusAI,patrickvonplaten,2,male
ProsusAI/finbert,ProsusAI,system,1,unknown
ProsusAI/finbert,ProsusAI,theofpa,2,unknown
Qdrant/all-MiniLM-L6-v2-onnx,Qdrant,Anush008,1,unknown
Qdrant/all-MiniLM-L6-v2-onnx,Qdrant,generall93,2,male
Qdrant/all-MiniLM-L6-v2-onnx,Qdrant,jmzzomg,1,male
Qdrant/all-MiniLM-L6-v2-onnx,Qdrant,nirantk,7,male
Qwen/Qwen2.5-1.5B-Instruct,Qwen,JustinLin610,2,male
Qwen/Qwen2.5-1.5B-Instruct,Qwen,clonefy,3,unknown
Qwen/Qwen2.5-1.5B-Instruct,Qwen,feihu.hf,1,unknown
Qwen/Qwen2.5-1.5B-Instruct,Qwen,jklj077,2,unknown
Qwen/Qwen2.5-1.5B-Instruct,Qwen,xianbao,1,unknown
Rostlab/prot_bert,Rostlab,julien-c,2,male
Rostlab/prot_bert,Rostlab,mheinz,1,male
Rostlab/prot_bert,Rostlab,system,8,unknown
Salesforce/blip-image-captioning-large,Salesforce,Rocketknight1,1,unknown
Salesforce/blip-image-captioning-large,Salesforce,SFconvertbot,1,unknown
Salesforce/blip-image-captioning-large,Salesforce,Younes Belkada,1,unknown
Salesforce/blip-image-captioning-large,Salesforce,dacquaviva,1,unknown
Salesforce/blip-image-captioning-large,Salesforce,ybelkada,15,unknown
SanctumAI/Meta-Llama-3.1-8B-Instruct-GGUF,SanctumAI,AndreyBest,5,male
SanctumAI/Meta-Llama-3.1-8B-Instruct-GGUF,SanctumAI,cfahlgren1,1,unknown
Shakker-Labs/FLUX.1-dev-LoRA-AntiBlur,Shakker-Labs,wanghaofan,7,male
Snowflake/snowflake-arctic-embed-m,Snowflake,Xenova,3,male
Snowflake/snowflake-arctic-embed-m,Snowflake,lukemerrick,2,male
Snowflake/snowflake-arctic-embed-m,Snowflake,michaelfeil,1,male
Snowflake/snowflake-arctic-embed-m,Snowflake,spacemanidol,30,male
Snowflake/snowflake-arctic-embed-m,Snowflake,tomaarsen,1,male
Snowflake/snowflake-arctic-embed-m,Snowflake,williambarberjr,1,male
Snowflake/snowflake-arctic-embed-m,Snowflake,xdm222,3,unknown
Supabase/gte-small,Supabase,RobSteele,1,male
Supabase/gte-small,Supabase,Xenova,1,male
Supabase/gte-small,Supabase,ggrn,8,male
Systran/faster-whisper-large-v3,Systran,ngkien,1,unknown
Systran/faster-whisper-large-v3,Systran,nguyendc,1,male
T-Systems-onsite/cross-en-de-roberta-sentence-transformer,T-Systems-onsite,Philip May,8,male
T-Systems-onsite/cross-en-de-roberta-sentence-transformer,T-Systems-onsite,PhilipMay,8,male
T-Systems-onsite/cross-en-de-roberta-sentence-transformer,T-Systems-onsite,SFconvertbot,1,unknown
T-Systems-onsite/cross-en-de-roberta-sentence-transformer,T-Systems-onsite,joaogante,1,male
T-Systems-onsite/cross-en-de-roberta-sentence-transformer,T-Systems-onsite,julien-c,1,male
T-Systems-onsite/cross-en-de-roberta-sentence-transformer,T-Systems-onsite,lbourdois,1,male
T-Systems-onsite/cross-en-de-roberta-sentence-transformer,T-Systems-onsite,patrickvonplaten,1,male
T-Systems-onsite/cross-en-de-roberta-sentence-transformer,T-Systems-onsite,system,7,unknown
THUDM/chatglm2-6b,THUDM,Sengxian,3,male
THUDM/chatglm2-6b,THUDM,ShiJueXiaofei,1,unknown
THUDM/chatglm2-6b,THUDM,duzx16,34,unknown
THUDM/chatglm2-6b,THUDM,osanseviero,1,unknown
THUDM/chatglm2-6b,THUDM,youwei,2,unknown
THUDM/chatglm2-6b,THUDM,yuxiaod,1,unknown
THUDM/chatglm2-6b,THUDM,zxdu20,15,male
TaylorAI/bge-micro-v2,TaylorAI,SFconvertbot,1,unknown
TaylorAI/bge-micro-v2,TaylorAI,andersonbcdefg,30,male
Team-ACE/ToolACE-8B,Team-ACE,ACE-Org,8,unknown
Team-ACE/ToolACE-8B,Team-ACE,AngusHuang,7,male
TinyLlama/TinyLlama-1.1B-Chat-v1.0,TinyLlama,PY007,16,male
TinyLlama/TinyLlama-1.1B-Chat-v1.0,TinyLlama,Sirclavin,1,unknown
TinyLlama/TinyLlama-1.1B-Chat-v1.0,TinyLlama,Wauplin,1,unknown
TinyLlama/TinyLlama-1.1B-Chat-v1.0,TinyLlama,mrfakename,1,unknown
UFNLP/gatortron-base,UFNLP,ChengPenguf,2,male
UFNLP/gatortron-base,UFNLP,avinashr175,1,unknown
UFNLP/gatortron-base,UFNLP,yonghuiwu,50,male
VAGOsolutions/Llama-3.1-SauerkrautLM-8b-Instruct,VAGOsolutions,DavidGF,4,male
WhereIsAI/UAE-Large-V1,WhereIsAI,SeanLee97,46,male
WhereIsAI/UAE-Large-V1,WhereIsAI,Xenova,3,male
WhereIsAI/UAE-Large-V1,WhereIsAI,michaelfeil,1,male
WhereIsAI/UAE-Large-V1,WhereIsAI,tomaarsen,3,male
XLabs-AI/flux-RealismLora,XLabs-AI,AndreyML,1,male
XLabs-AI/flux-RealismLora,XLabs-AI,anghellia,9,female
XLabs-AI/flux-RealismLora,XLabs-AI,asyotr,2,female
XLabs-AI/flux-RealismLora,XLabs-AI,gradient-diffusion,5,unknown
XLabs-AI/flux-RealismLora,XLabs-AI,multimodalart,2,unknown
XLabs-AI/flux-RealismLora,XLabs-AI,skybirdsports,1,unknown
YituTech/conv-bert-base,YituTech,abhishek,6,unknown
YituTech/conv-bert-base,YituTech,system,1,unknown
adsabs/astroBERT,adsabs,SFconvertbot,1,unknown
adsabs/astroBERT,adsabs,fgrezes,25,male
adsabs/astroBERT,adsabs,jcrpaquin-cfa,1,male
ai4bharat/indic-bert,ai4bharat,anoopk,1,male
ai4bharat/indic-bert,ai4bharat,divkakwani,2,male
ai4bharat/indic-bert,ai4bharat,julien-c,1,male
ai4bharat/indic-bert,ai4bharat,lbourdois,1,male
ai4bharat/indic-bert,ai4bharat,system,8,unknown
albert/albert-base-v2,albert,Narsil,1,male
albert/albert-base-v2,albert,guillaume-be,1,male
albert/albert-base-v2,albert,julien-c,1,male
albert/albert-base-v2,albert,lysandre,3,male
albert/albert-base-v2,albert,osanseviero,1,unknown
albert/albert-base-v2,albert,patrickvonplaten,2,male
albert/albert-base-v2,albert,pranshupant,1,unknown
albert/albert-base-v2,albert,sgugger,2,unknown
albert/albert-base-v2,albert,system,12,unknown
albert/albert-base-v2,albert,tony9402,1,unknown
allenai/longformer-base-4096,allenai,beltagy,1,unknown
allenai/longformer-base-4096,allenai,dirkgr,1,male
allenai/longformer-base-4096,allenai,florentgbelidji,1,unknown
allenai/longformer-base-4096,allenai,guillaume-be,1,male
allenai/longformer-base-4096,allenai,julien-c,1,male
allenai/longformer-base-4096,allenai,lbourdois,1,male
allenai/longformer-base-4096,allenai,sgugger,1,unknown
allenai/longformer-base-4096,allenai,system,5,unknown
allenai/longformer-base-4096,allenai,thomwolf,1,unknown
almanach/camembert-base,almanach,Ezi,1,unknown
almanach/camembert-base,almanach,SFconvertbot,1,unknown
almanach/camembert-base,almanach,julien-c,4,male
almanach/camembert-base,almanach,lysandre,2,male
almanach/camembert-base,almanach,rohitdavas,3,unknown
almanach/camembert-base,almanach,sgugger,7,unknown
almanach/camembert-base,almanach,system,9,unknown
almanach/camembert-base,almanach,wissamantoun,1,male
amazon/chronos-t5-small,amazon,SFconvertbot,1,unknown
amazon/chronos-t5-small,amazon,abdulfatir,3,male
amazon/chronos-t5-small,amazon,lostella,2,male
amazon/chronos-t5-small,amazon,osanseviero,1,unknown
answerdotai/answerai-colbert-small-v1,answerdotai,Xenova,1,male
answerdotai/answerai-colbert-small-v1,answerdotai,bclavie,29,male
answerdotai/answerai-colbert-small-v1,answerdotai,nbroad,1,unknown
answerdotai/answerai-colbert-small-v1,answerdotai,tomaarsen,1,male
apple/OpenELM-1_1B-Instruct,apple,qicao-apple,4,female
argmaxinc/whisperkit-coreml,argmaxinc,ZachNagengast,5,male
argmaxinc/whisperkit-coreml,argmaxinc,aotrih,119,male
argmaxinc/whisperkit-coreml,argmaxinc,arda-argmax,20,unknown
argmaxinc/whisperkit-coreml,argmaxinc,ardaibis,2,male
argmaxinc/whisperkit-coreml,argmaxinc,b-argmax,3,male
argmaxinc/whisperkit-coreml,argmaxinc,bpkeene,5,unknown
argmaxinc/whisperkit-coreml,argmaxinc,takeargmax,1,unknown
aubmindlab/bert-base-arabertv02,aubmindlab,AUB MIND LAB,3,unknown
aubmindlab/bert-base-arabertv02,aubmindlab,SFconvertbot,1,unknown
aubmindlab/bert-base-arabertv02,aubmindlab,aubmindlab,1,unknown
aubmindlab/bert-base-arabertv02,aubmindlab,patrickvonplaten,2,male
aubmindlab/bert-base-arabertv02,aubmindlab,system,1,unknown
aubmindlab/bert-base-arabertv02,aubmindlab,wissamantoun,6,male
audeering/wav2vec2-large-robust-24-ft-age-gender,audeering,SFconvertbot,2,unknown
audeering/wav2vec2-large-robust-24-ft-age-gender,audeering,bzikst,1,unknown
audeering/wav2vec2-large-robust-24-ft-age-gender,audeering,frankenjoe,15,male
audeering/wav2vec2-large-robust-24-ft-age-gender,audeering,hagenw,1,male
autogluon/chronos-t5-tiny,autogluon,SFconvertbot,1,unknown
autogluon/chronos-t5-tiny,autogluon,abdulfatir,2,male
autogluon/chronos-t5-tiny,autogluon,lostella,2,male
autogluon/chronos-t5-tiny,autogluon,osanseviero,1,unknown
bigcode/starcoder2-3b,bigcode,RaymondLi,9,male
bigcode/starcoder2-3b,bigcode,chargoddard,1,unknown
bigcode/starcoder2-3b,bigcode,loubnabnl,9,female
bigcode/starcoder2-3b,bigcode,lvwerra,4,male
bigscience/bloomz-560m,bigscience,Muennighoff,10,male
bigscience/bloomz-560m,bigscience,agemagician,1,unknown
bigscience/bloomz-560m,bigscience,cakiki,2,unknown
bigscience/bloomz-560m,bigscience,lewtun,2,male
bigscience/bloomz-560m,bigscience,ybelkada,1,male
black-forest-labs/FLUX.1-schnell,black-forest-labs,dn6,1,unknown
black-forest-labs/FLUX.1-schnell,black-forest-labs,isidentical,1,unknown
black-forest-labs/FLUX.1-schnell,black-forest-labs,multimodalart,2,unknown
black-forest-labs/FLUX.1-schnell,black-forest-labs,sayakpaul,1,unknown
black-forest-labs/FLUX.1-schnell,black-forest-labs,sumith1896,5,male
black-forest-labs/FLUX.1-schnell,black-forest-labs,timudk,4,male
botp/stable-diffusion-v1-5,botp,agermanidis,1,unknown
botp/stable-diffusion-v1-5,botp,orz99,1,unknown
briaai/RMBG-1.4,briaai,MishaF,8,unknown
briaai/RMBG-1.4,briaai,Negev900,30,female
briaai/RMBG-1.4,briaai,OriLib,66,unknown
briaai/RMBG-1.4,briaai,Xenova,3,male
briaai/RMBG-1.4,briaai,Yairadato,1,male
briaai/RMBG-1.4,briaai,linoyts,1,unknown
briaai/RMBG-1.4,briaai,mchenbria88,6,unknown
briaai/RMBG-1.4,briaai,mokady,1,male
briaai/RMBG-1.4,briaai,nielsr,2,male
briaai/RMBG-1.4,briaai,not-lain,1,unknown
briaai/RMBG-1.4,briaai,radames,1,unknown
briaai/RMBG-1.4,briaai,rbgo,1,unknown
briaai/RMBG-1.4,briaai,taldanieli,5,unknown
cagliostrolab/animagine-xl-3.1,cagliostrolab,Asahina2K,7,unknown
cagliostrolab/animagine-xl-3.1,cagliostrolab,ItsMeBell,2,unknown
cagliostrolab/animagine-xl-3.1,cagliostrolab,Linaqruf,6,male
cambridgeltl/SapBERT-from-PubMedBERT-fulltext,cambridgeltl,Fangyu Liu,1,unknown
cambridgeltl/SapBERT-from-PubMedBERT-fulltext,cambridgeltl,SFconvertbot,1,unknown
cambridgeltl/SapBERT-from-PubMedBERT-fulltext,cambridgeltl,fl399,11,unknown
cambridgeltl/SapBERT-from-PubMedBERT-fulltext,cambridgeltl,patrickvonplaten,2,male
cambridgeltl/SapBERT-from-PubMedBERT-fulltext,cambridgeltl,system,11,unknown
cardiffnlp/twitter-roberta-base-sentiment-latest,cardiffnlp,Cardiff NLP,4,unknown
cardiffnlp/twitter-roberta-base-sentiment-latest,cardiffnlp,Pedrada,7,male
cardiffnlp/twitter-roberta-base-sentiment-latest,cardiffnlp,asahi417,1,male
cardiffnlp/twitter-roberta-base-sentiment-latest,cardiffnlp,cardiffnlp,3,unknown
charactr/vocos-mel-24khz,charactr,hubertsiuzdak,4,unknown
charactr/vocos-mel-24khz,charactr,reach-vb,1,unknown
ckiplab/bert-base-chinese-ws,ckiplab,emfomy,5,unknown
ckiplab/bert-base-chinese-ws,ckiplab,patrickvonplaten,2,male
ckiplab/bert-base-chinese-ws,ckiplab,system,1,unknown
colbert-ir/colbertv2.0,colbert-ir,SFconvertbot,1,unknown
colbert-ir/colbertv2.0,colbert-ir,bergum,1,unknown
colbert-ir/colbertv2.0,colbert-ir,not-lain,1,unknown
colbert-ir/colbertv2.0,colbert-ir,okhattab,6,male
colbert-ir/colbertv2.0,colbert-ir,wassemgtk,1,unknown
coqui/XTTS-v2,coqui,Edresson,3,male
coqui/XTTS-v2,coqui,Eren G??lge,4,male
coqui/XTTS-v2,coqui,Eren GÃ¶lge,1,male
coqui/XTTS-v2,coqui,erogol,17,male
coqui/XTTS-v2,coqui,gorkemgoknar,13,male
coqui/XTTS-v2,coqui,josh-r-meyer,1,male
coqui/XTTS-v2,coqui,julian78w,3,male
cross-encoder/ms-marco-MiniLM-L-6-v2,cross-encoder,nreimers,3,male
cross-encoder/ms-marco-MiniLM-L-6-v2,cross-encoder,patrickvonplaten,2,male
cross-encoder/ms-marco-MiniLM-L-6-v2,cross-encoder,system,1,unknown
crynux-ai/stable-diffusion-v1-5,crynux-ai,iwehf,5,male
crynux-ai/stable-diffusion-v1-5,crynux-ai,lukewwww,1,male
csebuetnlp/banglat5_banglaparaphrase,csebuetnlp,Ajwad,1,unknown
csebuetnlp/banglat5_banglaparaphrase,csebuetnlp,abhik1505040,4,male
dbmdz/bert-large-cased-finetuned-conll03-english,dbmdz,SFconvertbot,1,unknown
dbmdz/bert-large-cased-finetuned-conll03-english,dbmdz,julien-c,1,male
dbmdz/bert-large-cased-finetuned-conll03-english,dbmdz,patrickvonplaten,2,male
dbmdz/bert-large-cased-finetuned-conll03-english,dbmdz,stefan-it,1,male
dbmdz/bert-large-cased-finetuned-conll03-english,dbmdz,system,10,unknown
dccuchile/bert-base-spanish-wwm-uncased,dccuchile,josecannete,6,male
dccuchile/bert-base-spanish-wwm-uncased,dccuchile,julien-c,1,male
dccuchile/bert-base-spanish-wwm-uncased,dccuchile,patrickvonplaten,2,male
dccuchile/bert-base-spanish-wwm-uncased,dccuchile,system,22,unknown
deepset/roberta-base-squad2,deepset,Branden Chan,2,male
deepset/roberta-base-squad2,deepset,MichelBartelsDeepset,2,male
deepset/roberta-base-squad2,deepset,Narsil,1,male
deepset/roberta-base-squad2,deepset,Sebastian,1,male
deepset/roberta-base-squad2,deepset,Tuana,7,unknown
deepset/roberta-base-squad2,deepset,ZennyKenny,1,unknown
deepset/roberta-base-squad2,deepset,autoevaluator,2,unknown
deepset/roberta-base-squad2,deepset,brandenchan,1,male
deepset/roberta-base-squad2,deepset,guillaume-be,1,male
deepset/roberta-base-squad2,deepset,joaogante,2,male
deepset/roberta-base-squad2,deepset,julianrisch,9,male
deepset/roberta-base-squad2,deepset,julien-c,1,male
deepset/roberta-base-squad2,deepset,malte,1,male
deepset/roberta-base-squad2,deepset,notSoNLPnerd,1,unknown
deepset/roberta-base-squad2,deepset,patrickvonplaten,2,male
deepset/roberta-base-squad2,deepset,sjrhuschlee,2,male
deepset/roberta-base-squad2,deepset,system,14,unknown
deepset/roberta-base-squad2,deepset,timomo,2,unknown
depth-anything/Depth-Anything-V2-Large-hf,depth-anything,pcuenq,4,male
diffusers/stable-diffusion-xl-1.0-inpainting-0.1,diffusers,Pobmarku,1,unknown
diffusers/stable-diffusion-xl-1.0-inpainting-0.1,diffusers,multimodalart,1,male
diffusers/stable-diffusion-xl-1.0-inpainting-0.1,diffusers,valhalla,9,male
distil-whisper/distil-large-v3,distil-whisper,reach-vb,1,male
distil-whisper/distil-large-v3,distil-whisper,sanchit-gandhi,13,male
distilbert/distilbert-base-uncased,distilbert,Marissa,1,female
distilbert/distilbert-base-uncased,distilbert,Narsil,1,male
distilbert/distilbert-base-uncased,distilbert,RatnaKumar,1,unknown
distilbert/distilbert-base-uncased,distilbert,Thomas Wolf,2,male
distilbert/distilbert-base-uncased,distilbert,julien-c,5,male
distilbert/distilbert-base-uncased,distilbert,lysandre,2,male
distilbert/distilbert-base-uncased,distilbert,patrickvonplaten,2,male
distilbert/distilbert-base-uncased,distilbert,system,11,unknown
distributed/optimized-gpt2-1b,distributed,kmfoda,1865,male
doc2query/msmarco-t5-base-v1,doc2query,nreimers,1,male
doc2query/msmarco-t5-base-v1,doc2query,system,1,unknown
dunzhang/stella_en_400M_v5,dunzhang,JesusCrist,1,unknown
dunzhang/stella_en_400M_v5,dunzhang,SFconvertbot,1,unknown
dunzhang/stella_en_400M_v5,dunzhang,infgrad,13,unknown
dunzhang/stella_en_400M_v5,dunzhang,jiahaunluo,1,unknown
dunzhang/stella_en_400M_v5,dunzhang,michaelfeil,1,male
facebook/opt-1.3b,facebook,ArthurZ,8,male
facebook/opt-1.3b,facebook,LysandreJik,1,male
facebook/opt-1.3b,facebook,amyeroberts,1,female
facebook/opt-1.3b,facebook,joaogante,2,male
facebook/opt-1.3b,facebook,lysandre,3,male
facebook/opt-1.3b,facebook,patrickvonplaten,12,male
facebook/opt-1.3b,facebook,ybelkada,1,unknown
fal-collab-models/dreamshaper-xl-1-0,fal-collab-models,Icar,3,male
fixie-ai/ultravox-v0_3,fixie-ai,farzadab,16,male
fixie-ai/ultravox-v0_3,fixie-ai,petersalas-fixie,5,male
fixie-ai/ultravox-v0_3,fixie-ai,zkoch,1,male
flair/ner-english-fast,flair,alanakbik,3,male
flair/ner-english-fast,flair,julien-c,1,male
flair/ner-english-fast,flair,system,1,unknown
furiosa-ai/mlperf-gpt-j-6b,furiosa-ai,JasonFuriosa,4,male
ggml-org/models,ggml-org,ggerganov,17,male
ggml-org/models,ggml-org,ngxson,2,male
ggml-org/models,ggml-org,phymbert,3,male
google-bert/bert-base-uncased,google-bert,Narsil,1,male
google-bert/bert-base-uncased,google-bert,PrisinMike,1,unknown
google-bert/bert-base-uncased,google-bert,Thomas Wolf,1,male
google-bert/bert-base-uncased,google-bert,asifanchor,1,unknown
google-bert/bert-base-uncased,google-bert,buio,1,unknown
google-bert/bert-base-uncased,google-bert,fxmarty,1,unknown
google-bert/bert-base-uncased,google-bert,julien-c,3,male
google-bert/bert-base-uncased,google-bert,lysandre,4,male
google-bert/bert-base-uncased,google-bert,mixx,1,unknown
google-bert/bert-base-uncased,google-bert,patrickvonplaten,4,male
google-bert/bert-base-uncased,google-bert,pcuenq,1,male
google-bert/bert-base-uncased,google-bert,sasaadi,1,unknown
google-bert/bert-base-uncased,google-bert,sgugger,1,unknown
google-bert/bert-base-uncased,google-bert,stevezhanggeek,1,male
google-bert/bert-base-uncased,google-bert,system,11,unknown
google-t5/t5-small,google-t5,Felix Marty,1,male
google-t5/t5-small,google-t5,Julien Chaumond,1,male
google-t5/t5-small,google-t5,Marissa,1,female
google-t5/t5-small,google-t5,SFconvertbot,1,unknown
google-t5/t5-small,google-t5,Xenova,2,male
google-t5/t5-small,google-t5,fxmarty,3,unknown
google-t5/t5-small,google-t5,guillaume-be,1,male
google-t5/t5-small,google-t5,male,1,unknown
google-t5/t5-small,google-t5,joaogante,1,male
google-t5/t5-small,google-t5,julien-c,2,male
google-t5/t5-small,google-t5,lbourdois,1,male
google-t5/t5-small,google-t5,osanseviero,3,male
google-t5/t5-small,google-t5,patrickvonplaten,5,male
google-t5/t5-small,google-t5,sgugger,4,unknown
google-t5/t5-small,google-t5,stas,1,unknown
google-t5/t5-small,google-t5,system,12,unknown
google/vit-base-patch16-224-in21k,google,SFconvertbot,1,unknown
google/vit-base-patch16-224-in21k,google,nielsr,17,male
google/vit-base-patch16-224-in21k,google,system,1,unknown
google/vit-base-patch16-224-in21k,google,valhalla,1,male
h2oai/h2ogpt-4096-llama2-7b-chat,h2oai,arnocandel,10,male
hfl/chinese-roberta-wwm-ext,hfl,Joint Laboratory of HIT and iFLYTEK Research (HFL),1,unknown
hfl/chinese-roberta-wwm-ext,hfl,hfl-rc,3,unknown
hfl/chinese-roberta-wwm-ext,hfl,patrickvonplaten,2,male
hfl/chinese-roberta-wwm-ext,hfl,system,10,unknown
hfl/chinese-roberta-wwm-ext,hfl,ymcui,1,unknown
hkunlp/instructor-large,hkunlp,multi-train,38,unknown
hkunlp/instructor-large,hkunlp,tianbaoxiexxx,4,unknown
hpcai-tech/OpenSora-VAE-v1.2,hpcai-tech,frankleeeee,5,unknown
huawei-noah/TinyBERT_General_4L_312D,huawei-noah,Canwen Xu,1,unknown
huawei-noah/TinyBERT_General_4L_312D,huawei-noah,julien-c,1,male
huawei-noah/TinyBERT_General_4L_312D,huawei-noah,patrickvonplaten,2,male
huawei-noah/TinyBERT_General_4L_312D,huawei-noah,system,4,unknown
hugging-quants/Llama-3.2-1B-Instruct-Q8_0-GGUF,hugging-quants,reach-vb,5,unknown
hustvl/vitmatte-small-composition-1k,hustvl,SFconvertbot,1,unknown
hustvl/vitmatte-small-composition-1k,hustvl,nielsr,6,male
ibm-granite/granite-timeseries-ttm-r1,ibm-granite,vijaye12,67,male
ibm-granite/granite-timeseries-ttm-r1,ibm-granite,wmgifford,8,male
indobenchmark/indobert-base-p1,indobenchmark,julien-c,1,male
indobenchmark/indobert-base-p1,indobenchmark,patrickvonplaten,2,male
indobenchmark/indobert-base-p1,indobenchmark,system,7,unknown
internlm/internlm-xcomposer2d5-clip,internlm,DLight1551,1,unknown
internlm/internlm-xcomposer2d5-clip,internlm,myownskyW7,2,female
jinaai/jina-embeddings-v3,jinaai,Jackmin108,1,male
jinaai/jina-embeddings-v3,jinaai,Xenova,1,male
jinaai/jina-embeddings-v3,jinaai,bwang0911,36,unknown
jinaai/jina-embeddings-v3,jinaai,edwardjross,1,male
jinaai/jina-embeddings-v3,jinaai,jupyterjazz,19,male
jinaai/jina-embeddings-v3,jinaai,knysfh,1,unknown
jinaai/jina-embeddings-v3,jinaai,makram93,2,male
jinaai/jina-embeddings-v3,jinaai,michael-guenther,1,male
jinaai/jina-embeddings-v3,jinaai,,8,unknown
jinaai/jina-embeddings-v3,jinaai,pewh,1,unknown
kredor/punctuate-all,kredor,Orlin,14,male
kyutai/mimi,kyutai,ylacombe,7,unknown
laion/CLIP-ViT-B-16-laion2B-s34B-b88K,laion,Ross Wightman,1,male
laion/CLIP-ViT-B-16-laion2B-s34B-b88K,laion,rwightman,10,male
latent-consistency/lcm-lora-sdv1-5,latent-consistency,SimianLuo,1,unknown
latent-consistency/lcm-lora-sdv1-5,latent-consistency,patrickvonplaten,11,male
latent-consistency/lcm-lora-sdv1-5,latent-consistency,valhalla,6,male
llamafactory/tiny-random-Llama-3,llamafactory,hiyouga,12,male
llava-hf/llava-v1.6-mistral-7b-hf,llava-hf,RaushanTurganbay,13,male
llava-hf/llava-v1.6-mistral-7b-hf,llava-hf,merve,2,female
llava-hf/llava-v1.6-mistral-7b-hf,llava-hf,mirof,1,unknown
llava-hf/llava-v1.6-mistral-7b-hf,llava-hf,nielsr,15,male
llava-hf/llava-v1.6-mistral-7b-hf,llava-hf,yahya007,1,unknown
lmsys/vicuna-7b-v1.5,lmsys,chujiezheng,1,unknown
lmsys/vicuna-7b-v1.5,lmsys,lmzheng,13,unknown
lmsys/vicuna-7b-v1.5,lmsys,weichiang,1,unknown
microsoft/resnet-50,microsoft,SFconvertbot,1,unknown
microsoft/resnet-50,microsoft,Shubhamai,1,unknown
microsoft/resnet-50,microsoft,amyeroberts,1,female
microsoft/resnet-50,microsoft,nielsr,5,male
microsoft/resnet-50,microsoft,regisss,1,unknown
microsoft/resnet-50,microsoft,zuppif,3,unknown
mixedbread-ai/mxbai-embed-large-v1,mixedbread-ai,Aamir,2,male
mixedbread-ai/mxbai-embed-large-v1,mixedbread-ai,CoralLeiCN,1,unknown
mixedbread-ai/mxbai-embed-large-v1,mixedbread-ai,RuiTheBaker,1,unknown
mixedbread-ai/mxbai-embed-large-v1,mixedbread-ai,SeanLee97,4,male
mixedbread-ai/mxbai-embed-large-v1,mixedbread-ai,Xenova,2,male
mixedbread-ai/mxbai-embed-large-v1,mixedbread-ai,aamirshakir,4,male
mixedbread-ai/mxbai-embed-large-v1,mixedbread-ai,iamlemec,1,unknown
mixedbread-ai/mxbai-embed-large-v1,mixedbread-ai,jdwh08s,1,unknown
mixedbread-ai/mxbai-embed-large-v1,mixedbread-ai,juliuslipp,14,male
mixedbread-ai/mxbai-embed-large-v1,mixedbread-ai,michaelfeil,1,male
mixedbread-ai/mxbai-embed-large-v1,mixedbread-ai,mixed-nlp,5,unknown
mixedbread-ai/mxbai-embed-large-v1,mixedbread-ai,tomaarsen,2,male
ml6team/keyphrase-extraction-distilbert-inspec,ml6team,DeDeckerThomas,12,male
ml6team/keyphrase-extraction-distilbert-inspec,ml6team,Thomas De Decker,2,male
modularai/llama-3.1,modularai,jackos,3,male
modularai/llama-3.1,modularai,modularbot,2,unknown
moka-ai/m3e-base,moka-ai,Howardxuan,2,unknown
moka-ai/m3e-base,moka-ai,MokaHR,17,unknown
moka-ai/m3e-base,moka-ai,SFconvertbot,1,unknown
moka-ai/m3e-base,moka-ai,wangyuxin,14,unknown
mtg-upf/discogs-maest-30s-pw-129e,mtg-upf,p-alonso,27,male
myshell-ai/MeloTTS-English,myshell-ai,ZenQin,3,unknown
myshell-ai/MeloTTS-English,myshell-ai,ylacombe,2,unknown
naver/splade-cocondenser-selfdistil,naver,tformal,9,male
ncbi/MedCPT-Query-Encoder,ncbi,SFconvertbot,1,unknown
ncbi/MedCPT-Query-Encoder,ncbi,qiaojin,14,unknown
nesaorg/benchmark_v0,nesaorg,jamesdslab2,7,male
neulab/codebert-java,neulab,urialon,5,unknown
neuralmagic/Meta-Llama-3.1-8B-Instruct-FP8,neuralmagic,Lin-K76,12,male
neuralmagic/Meta-Llama-3.1-8B-Instruct-FP8,neuralmagic,alexmarques,3,male
neuralmagic/Meta-Llama-3.1-8B-Instruct-FP8,neuralmagic,mgoin,1,male
nlpconnect/vit-gpt2-image-captioning,nlpconnect,ankur310794,11,male
nlpconnect/vit-gpt2-image-captioning,nlpconnect,commonslash,1,unknown
nlpconnect/vit-gpt2-image-captioning,nlpconnect,itsog,1,unknown
nlpconnect/vit-gpt2-image-captioning,nlpconnect,nielsr,2,male
nlpconnect/vit-gpt2-image-captioning,nlpconnect,system,1,unknown
nlpconnect/vit-gpt2-image-captioning,nlpconnect,vishank97,1,unknown
nomic-ai/nomic-embed-text-v1.5,nomic-ai,MaxNomic,1,male
nomic-ai/nomic-embed-text-v1.5,nomic-ai,Xenova,3,male
nomic-ai/nomic-embed-text-v1.5,nomic-ai,michaelfeil,2,male
nomic-ai/nomic-embed-text-v1.5,nomic-ai,zpn,28,male
ntu-spml/distilhubert,ntu-spml,SFconvertbot,1,unknown
ntu-spml/distilhubert,ntu-spml,anton-l,2,male
ntu-spml/distilhubert,ntu-spml,patrickvonplaten,1,male
ntu-spml/distilhubert,ntu-spml,speech-test,3,unknown
ntu-spml/distilhubert,ntu-spml,system,1,unknown
ntu-spml/distilhubert,ntu-spml,voidful,1,unknown
numind/NuNER_Zero,numind,Serega6678,24,unknown
numind/NuNER_Zero,numind,etiennebcp,12,male
nvidia/speakerverification_en_titanet_large,nvidia,nithinraok,14,male
nvidia/speakerverification_en_titanet_large,nvidia,smajumdar94,3,male
obi/deid_roberta_i2b2,obi,prajwal967,4,male
obi/deid_roberta_i2b2,obi,system,2,unknown
openai-community/gpt2,openai-community,Narsil,1,male
openai-community/gpt2,openai-community,fxmarty,1,unknown
openai-community/gpt2,openai-community,joaogante,2,male
openai-community/gpt2,openai-community,julien-c,4,male
openai-community/gpt2,openai-community,lysandre,1,male
openai-community/gpt2,openai-community,mathemakitten,1,unknown
openai-community/gpt2,openai-community,patrickvonplaten,2,male
openai-community/gpt2,openai-community,sgugger,2,unknown
openai-community/gpt2,openai-community,system,15,unknown
openai/clip-vit-large-patch14,openai,SFconvertbot,1,unknown
openai/clip-vit-large-patch14,openai,SaulLu,1,unknown
openai/clip-vit-large-patch14,openai,arda13olmez,1,unknown
openai/clip-vit-large-patch14,openai,julien-c,1,male
openai/clip-vit-large-patch14,openai,lysandre,1,male
openai/clip-vit-large-patch14,openai,mishig,1,unknown
openai/clip-vit-large-patch14,openai,patrickvonplaten,1,male
openai/clip-vit-large-patch14,openai,system,1,unknown
openai/clip-vit-large-patch14,openai,valhalla,6,male
openart-custom/AlbedoBase,openart-custom,Icar,2,male
openlm-research/open_llama_3b_v2,openlm-research,young-geng,3,male
opensearch-project/opensearch-neural-sparse-encoding-doc-v2-distill,opensearch-project,SFconvertbot,1,unknown
opensearch-project/opensearch-neural-sparse-encoding-doc-v2-distill,opensearch-project,zhichao-geng,12,male
optimum-internal-testing/tiny-random-llama,optimum-internal-testing,echarlaix,2,female
owkin/phikon,owkin,1aurent,1,unknown
owkin/phikon,owkin,EazyAl,9,male
owkin/phikon,owkin,afiliot,18,male
peft-internal-testing/tiny-dummy-qwen2,peft-internal-testing,BenjaminB,3,male
prs-eth/marigold-normals-lcm-v0-1,prs-eth,KevinQu7,2,male
prs-eth/marigold-normals-lcm-v0-1,prs-eth,toshas,9,male
pysentimiento/robertuito-sentiment-analysis,pysentimiento,SFconvertbot,1,unknown
pysentimiento/robertuito-sentiment-analysis,pysentimiento,finiteautomata,14,male
pysentimiento/robertuito-sentiment-analysis,pysentimiento,joaogante,1,male
pysentimiento/robertuito-sentiment-analysis,pysentimiento,system,1,unknown
reazon-research/reazonspeech-nemo-v2,reazon-research,fujimotos,3,male
rinna/japanese-cloob-vit-b-16,rinna,SFconvertbot,1,unknown
rinna/japanese-cloob-vit-b-16,rinna,keisawada,3,male
rinna/japanese-cloob-vit-b-16,rinna,mkshing,13,unknown
s-nlp/roberta_toxicity_classifier,s-nlp,dardem,10,female
s-nlp/roberta_toxicity_classifier,s-nlp,etomoscow,3,male
s-nlp/roberta_toxicity_classifier,s-nlp,system,1,unknown
sentence-transformers-testing/stsb-bert-tiny-safetensors,sentence-transformers-testing,tomaarsen,5,male
sentence-transformers/all-mpnet-base-v2,sentence-transformers,SFconvertbot,1,unknown
sentence-transformers/all-mpnet-base-v2,sentence-transformers,espejelomar,7,male
sentence-transformers/all-mpnet-base-v2,sentence-transformers,nreimers,4,male
sentence-transformers/all-mpnet-base-v2,sentence-transformers,system,1,unknown
sentence-transformers/all-mpnet-base-v2,sentence-transformers,tomaarsen,15,male
shi-labs/oneformer_coco_swin_large,shi-labs,nielsr,1,male
shi-labs/oneformer_coco_swin_large,shi-labs,praeclarumjj3,22,male
smallcloudai/Refact-1_6B-fim,smallcloudai,SFconvertbot,1,unknown
smallcloudai/Refact-1_6B-fim,smallcloudai,katek,2,female
smallcloudai/Refact-1_6B-fim,smallcloudai,mityasmc,1,male
smallcloudai/Refact-1_6B-fim,smallcloudai,olegklimov,1,male
smallcloudai/Refact-1_6B-fim,smallcloudai,svakhreev,30,male
solidrust/Codestral-22B-v0.1-hf-AWQ,solidrust,Suparious,5,male
speechbrain/spkrec-ecapa-voxceleb,speechbrain,Adel-Moumen,2,male
speechbrain/spkrec-ecapa-voxceleb,speechbrain,Gastron,1,unknown
speechbrain/spkrec-ecapa-voxceleb,speechbrain,Mirco,6,male
speechbrain/spkrec-ecapa-voxceleb,speechbrain,Titouan,1,male
speechbrain/spkrec-ecapa-voxceleb,speechbrain,cemsubakan,1,male
speechbrain/spkrec-ecapa-voxceleb,speechbrain,mirco,5,unknown
speechbrain/spkrec-ecapa-voxceleb,speechbrain,mishig,1,unknown
speechbrain/spkrec-ecapa-voxceleb,speechbrain,osanseviero,4,unknown
speechbrain/spkrec-ecapa-voxceleb,speechbrain,speechbrainteam,21,unknown
speechbrain/spkrec-ecapa-voxceleb,speechbrain,system,1,unknown
stabilityai/stable-diffusion-xl-base-1.0,stabilityai,MysteryGuitarMan,2,unknown
stabilityai/stable-diffusion-xl-base-1.0,stabilityai,PipFoweraker,1,unknown
stabilityai/stable-diffusion-xl-base-1.0,stabilityai,Robin Rombach,3,male
stabilityai/stable-diffusion-xl-base-1.0,stabilityai,echarlaix,4,unknown
stabilityai/stable-diffusion-xl-base-1.0,stabilityai,multimodalart,4,unknown
stabilityai/stable-diffusion-xl-base-1.0,stabilityai,patrickvonplaten,9,male
stabilityai/stable-diffusion-xl-base-1.0,stabilityai,rromb,13,unknown
stable-diffusion-v1-5/stable-diffusion-inpainting,stable-diffusion-v1-5,sd-legacy,1,unknown
stablediffusionapi/realistic-vision-51,stablediffusionapi,adhikjoshi,2,male
stepfun-ai/GOT-OCR2_0,stepfun-ai,ucaslcl,91,female
tasksource/deberta-small-long-nli,tasksource,sileod,14,male
tencent/DepthCrafter,tencent,sdsdsdadasd3,1,unknown
tencent/DepthCrafter,tencent,wbhu-tc,3,male
tiiuae/falcon-7b-instruct,tiiuae,Daniel Hesslow,8,male
tiiuae/falcon-7b-instruct,tiiuae,DanielHesslow,1,male
tiiuae/falcon-7b-instruct,tiiuae,FalconLLM,12,unknown
tiiuae/falcon-7b-instruct,tiiuae,Rocketknight1,1,unknown
tiiuae/falcon-7b-instruct,tiiuae,SFconvertbot,1,unknown
tiiuae/falcon-7b-instruct,tiiuae,epignatelli,1,unknown
tiiuae/falcon-7b-instruct,tiiuae,julien-c,1,male
tiiuae/falcon-7b-instruct,tiiuae,nilabhra,1,unknown
tiiuae/falcon-7b-instruct,tiiuae,olivierdehaene,1,male
tiiuae/falcon-7b-instruct,tiiuae,pcuenq,1,male
tiiuae/falcon-7b-instruct,tiiuae,sgugger,1,unknown
tiiuae/falcon-7b-instruct,tiiuae,slippylolo,5,unknown
tiiuae/falcon-7b-instruct,tiiuae,victor,1,male
tiiuae/falcon-7b-instruct,tiiuae,ybelkada,2,male
timm/resnet50.a1_in1k,timm,rwightman,3,male
tner/roberta-large-ontonotes5,tner,asahi417,8,male
tohoku-nlp/bert-base-japanese,tohoku-nlp,Julien Chaumond,1,male
tohoku-nlp/bert-base-japanese,tohoku-nlp,Thomas Wolf,1,male
tohoku-nlp/bert-base-japanese,tohoku-nlp,cl-tohoku,2,unknown
tohoku-nlp/bert-base-japanese,tohoku-nlp,elishowk,1,unknown
tohoku-nlp/bert-base-japanese,tohoku-nlp,lysandre,1,male
tohoku-nlp/bert-base-japanese,tohoku-nlp,patrickvonplaten,2,male
tohoku-nlp/bert-base-japanese,tohoku-nlp,singletongue,1,male
tohoku-nlp/bert-base-japanese,tohoku-nlp,system,6,unknown
trl-internal-testing/tiny-random-LlamaForCausalLM,trl-internal-testing,SFconvertbot,1,unknown
trl-internal-testing/tiny-random-LlamaForCausalLM,trl-internal-testing,Younes Belkada,1,male
trl-internal-testing/tiny-random-LlamaForCausalLM,trl-internal-testing,ybelkada,5,male
ufal/robeczech-base,ufal,Milan Straka,9,male
ufal/robeczech-base,ufal,SFconvertbot,1,unknown
ufal/robeczech-base,ufal,foxik,9,male
ufal/robeczech-base,ufal,nazneen,1,unknown
ufal/robeczech-base,ufal,system,1,unknown
unsloth/llama-3-8b-bnb-4bit,unsloth,danielhanchen,66,male
unsloth/llama-3-8b-bnb-4bit,unsloth,shimmyshimmer,7,male
unsloth/llama-3-8b-bnb-4bit,unsloth,xianbao,1,unknown
unslothai/1,unslothai,danielhanchen,5,male
vectara/hallucination_evaluation_model,vectara,Forrest Bao,4,male
vectara/hallucination_evaluation_model,vectara,Miaoran000,4,unknown
vectara/hallucination_evaluation_model,vectara,adrien357,1,male
vectara/hallucination_evaluation_model,vectara,eskibars,2,male
vectara/hallucination_evaluation_model,vectara,forrest-vectara,4,male
vectara/hallucination_evaluation_model,vectara,minseokbae,2,unknown
vectara/hallucination_evaluation_model,vectara,ofermend,16,male
vectara/hallucination_evaluation_model,vectara,simonhughes22,25,male
vinai/phobert-base-v2,vinai,dqnguyen,6,male
xlnet/xlnet-base-cased,xlnet,joaogante,1,male
xlnet/xlnet-base-cased,xlnet,julien-c,1,male
xlnet/xlnet-base-cased,xlnet,nielsr,3,male
xlnet/xlnet-base-cased,xlnet,system,12,unknown
