model_id,authors,commit_count
1-800-BAD-CODE/punctuation_fullstop_truecase_english,1-800-BAD-CODE,34
AdamCodd/vit-base-nsfw-detector,Adam,1
AdamCodd/vit-base-nsfw-detector,AdamCodd,23
Alibaba-NLP/gte-large-en-v1.5,Xenova,2
Alibaba-NLP/gte-large-en-v1.5,izhx,11
Alibaba-NLP/gte-large-en-v1.5,thenlper,3
Alibaba-NLP/gte-large-en-v1.5,tomaarsen,1
Ashishkr/query_wellformedness_score,Ashishkr,29
Ashishkr/query_wellformedness_score,SFconvertbot,2
Ashishkr/query_wellformedness_score,ashish kumar,1
Ashishkr/query_wellformedness_score,patrickvonplaten,2
Ashishkr/query_wellformedness_score,system,1
AutonLab/MOMENT-1-large,KonradSzafer,9
AutonLab/MOMENT-1-large,MononitoGoswami,8
AutonLab/MOMENT-1-large,SFconvertbot,1
BAAI/bge-small-en-v1.5,AshokRaja,1
BAAI/bge-small-en-v1.5,Shitao,7
BAAI/bge-small-en-v1.5,Tim,1
BAAI/bge-small-en-v1.5,ldwang,7
BAAI/bge-small-en-v1.5,michaelfeil,1
Babelscape/wikineural-multilingual-ner,SFconvertbot,1
Babelscape/wikineural-multilingual-ner,Simone Tedeschi,16
Babelscape/wikineural-multilingual-ner,lbourdois,1
Babelscape/wikineural-multilingual-ner,sted97,11
Babelscape/wikineural-multilingual-ner,system,1
BridgeTower/bridgetower-large-itm-mlm-itc,anahita-b,6
BridgeTower/bridgetower-large-itm-mlm-itc,shaoyent,6
ByteDance/Hyper-SD,Yanzuo,17
ByteDance/Hyper-SD,renyuxi,43
CIDAS/clipseg-rd64-refined,nielsr,8
Cloudy1225/stackoverflow-roberta-base-sentiment,Cloudy1225,5
Cloudy1225/stackoverflow-roberta-base-sentiment,SFconvertbot,1
Cloudy1225/stackoverflow-roberta-base-sentiment,Yunhui Liu,1
CompVis/stable-diffusion-safety-checker,Ezi,1
CompVis/stable-diffusion-safety-checker,valhalla,3
Danswer/intent-model,Danswer,4
Danswer/intent-model,yuhongsun,3
DeepChem/ChemBERTa-77M-MTR,Walid Ahmad,2
DeepChem/ChemBERTa-77M-MTR,system,1
DeepFloyd/t5-v1_1-xxl,Alex Shonenkov,1
DeepFloyd/t5-v1_1-xxl,shonenkov,2
DeepPavlov/rubert-base-cased,Yura Kuratov,1
DeepPavlov/rubert-base-cased,julien-c,1
DeepPavlov/rubert-base-cased,patrickvonplaten,2
DeepPavlov/rubert-base-cased,system,8
DeepPavlov/rubert-base-cased,yurakuratov,1
Dmyadav2001/Sentimental-Analysis,Dmyadav2001,3
Efficient-Large-Model/Llama-3-VILA1.5-8B-Fix,Seerkfang,2
EleutherAI/gpt-neo-2.7B,LysandreJik,3
EleutherAI/gpt-neo-2.7B,SFconvertbot,1
EleutherAI/gpt-neo-2.7B,guillaume-be,2
EleutherAI/gpt-neo-2.7B,lg,1
EleutherAI/gpt-neo-2.7B,lysandre,1
EleutherAI/gpt-neo-2.7B,stellaathena,12
EleutherAI/gpt-neo-2.7B,system,1
EleutherAI/gpt-neo-2.7B,valhalla,3
EmergentMethods/gliner_medium_news-v2.1,rcaulk,11
EmergentMethods/gliner_medium_news-v2.1,robcaulk,1
EmergentMethods/gliner_medium_news-v2.1,thorntwig,7
EmergentMethods/gliner_medium_news-v2.1,tomaarsen,1
Ericwang/tiny-random-ast,Ericwang,4
FacebookAI/xlm-roberta-large,MhondGhod,1
FacebookAI/xlm-roberta-large,Narsil,1
FacebookAI/xlm-roberta-large,fxmarty,1
FacebookAI/xlm-roberta-large,joaogante,1
FacebookAI/xlm-roberta-large,julien-c,1
FacebookAI/xlm-roberta-large,lbourdois,1
FacebookAI/xlm-roberta-large,lysandre,1
FacebookAI/xlm-roberta-large,mushfiqurrobin,1
FacebookAI/xlm-roberta-large,nielsr,1
FacebookAI/xlm-roberta-large,osanseviero,1
FacebookAI/xlm-roberta-large,sgugger,1
FacebookAI/xlm-roberta-large,system,7
FacebookAI/xlm-roberta-large,valhalla,3
Falconsai/nsfw_image_detection,RealFalconsAI,14
Falconsai/nsfw_image_detection,SFconvertbot,1
Falconsai/nsfw_image_detection,mstatt,1
Gustavosta/MagicPrompt-Stable-Diffusion,Gustavosta,8
Gustavosta/MagicPrompt-Stable-Diffusion,SFconvertbot,1
Gustavosta/MagicPrompt-Stable-Diffusion,alandaoEV,1
Hate-speech-CNERG/tamil-codemixed-abusive-MuRIL,leowin,6
Hate-speech-CNERG/tamil-codemixed-abusive-MuRIL,mithundas,2
Helsinki-NLP/opus-mt-fr-en,joaogante,3
Helsinki-NLP/opus-mt-fr-en,julien-c,1
Helsinki-NLP/opus-mt-fr-en,patrickvonplaten,3
Helsinki-NLP/opus-mt-fr-en,system,25
HooshvareLab/bert-fa-base-uncased-ner-peyma,m3hrdadfi,1
HooshvareLab/bert-fa-base-uncased-ner-peyma,patrickvonplaten,2
HooshvareLab/bert-fa-base-uncased-ner-peyma,system,10
HuggingFaceH4/zephyr-7b-beta,Wauplin,3
HuggingFaceH4/zephyr-7b-beta,clefourrier,2
HuggingFaceH4/zephyr-7b-beta,edbeeching,3
HuggingFaceH4/zephyr-7b-beta,leaderboard-pr-bot,1
HuggingFaceH4/zephyr-7b-beta,lewtun,16
HuggingFaceH4/zephyr-7b-beta,lvwerra,1
HuggingFaceH4/zephyr-7b-beta,natolambert,1
HuggingFaceH4/zephyr-7b-beta,sbrandeis,1
HuggingFaceM4/siglip-so400m-14-384,HugoLaurencon,17
HuggingFaceM4/siglip-so400m-14-384,Leyo,1
IDEA-Research/grounding-dino-tiny,EduardoPacheco,10
IDEA-Research/grounding-dino-tiny,nielsr,9
InstantX/InstantID,wanghaofan,8
InstantX/InstantID,wangqixun,2
Intel/dpt-hybrid-midas,Younes Belkada,1
Intel/dpt-hybrid-midas,bconsolvo,1
Intel/dpt-hybrid-midas,coyotte508,2
Intel/dpt-hybrid-midas,nielsr,3
Intel/dpt-hybrid-midas,ybelkada,11
Isotr0py/test-gguf-sample,Isotr0py,4
JackFram/llama-68m,JackFram,13
JackFram/llama-68m,Xenova,1
Jean-Baptiste/camembert-ner-with-dates,Jean-Baptiste,5
Jean-Baptiste/camembert-ner-with-dates,SFconvertbot,1
Jean-Baptiste/camembert-ner-with-dates,jeanpoll,2
Jean-Baptiste/camembert-ner-with-dates,system,1
LTP/small,ylfeng,6
Lajavaness/bilingual-embedding-large,dangvantuan,14
Lajavaness/bilingual-embedding-large,tuan.ljn,9
LanguageBind/LanguageBind_Video_FT,LanguageBind,5
Leo97/KoELECTRA-small-v3-modu-ner,Leo97,72
Leo97/KoELECTRA-small-v3-modu-ner,SFconvertbot,1
LiheYoung/depth-anything-large-hf,LiheYoung,1
LiheYoung/depth-anything-large-hf,nielsr,7
Lykon/DreamShaper,Lykon,91
Lykon/DreamShaper,ghunkins,1
Lykon/DreamShaper,patrickvonplaten,1
Lykon/DreamShaper,valhalla,1
M-CLIP/XLM-Roberta-Large-Vit-B-32,FreddeFrallan,2
M-CLIP/XLM-Roberta-Large-Vit-B-32,Fredrik Carlsson,2
M-CLIP/XLM-Roberta-Large-Vit-B-32,Lauler,3
M-CLIP/XLM-Roberta-Large-Vit-B-32,lbourdois,1
M-CLIP/XLM-Roberta-Large-Vit-B-32,rom1504,1
MCG-NJU/videomae-large,SFconvertbot,1
MCG-NJU/videomae-large,nielsr,7
MIT/ast-finetuned-audioset-10-10-0.4593,SFconvertbot,1
MIT/ast-finetuned-audioset-10-10-0.4593,nielsr,14
MMG/xlm-roberta-large-ner-spanish,SFconvertbot,1
MMG/xlm-roberta-large-ner-spanish,jorgealro,12
MMG/xlm-roberta-large-ner-spanish,system,1
MRNH/mbart-english-grammar-corrector,MRNH,22
MRNH/mbart-english-grammar-corrector,matteo,1
MahmoudAshraf/mms-300m-1130-forced-aligner,MahmoudAshraf,15
Marqo/marqo-fashionSigLIP,DavidJung,10
Marqo/marqo-fashionSigLIP,Jesse-marqo,1
Marqo/marqo-fashionSigLIP,Tomhamer5,2
Marqo/marqo-fashionSigLIP,Xenova,1
Marqo/marqo-fashionSigLIP,elliesleightholm,3
MattyB95/AST-VoxCelebSpoof-Synthetic-Voice-Detection,MattyB95,9
Maykeye/TinyLLama-v0,GG,1
Maykeye/TinyLLama-v0,Maykeye,3
Maykeye/TinyLLama-v0,SFconvertbot,1
MaziyarPanahi/Mistral-7B-Instruct-v0.3-GGUF,MaziyarPanahi,5
Michau/t5-base-en-generate-headline,julien-c,1
Michau/t5-base-en-generate-headline,patrickvonplaten,2
Michau/t5-base-en-generate-headline,system,7
Minej/bert-base-personality,Minej,11
Minej/bert-base-personality,SFconvertbot,1
Moritz-Pfeifer/CentralBankRoBERTa-sentiment-classifier,Moritz-Pfeifer,54
MoritzLaurer/DeBERTa-v3-base-mnli-fever-anli,MoritzLaurer,26
MoritzLaurer/DeBERTa-v3-base-mnli-fever-anli,SFconvertbot,1
MoritzLaurer/DeBERTa-v3-base-mnli-fever-anli,autoevaluator,5
MoritzLaurer/DeBERTa-v3-base-mnli-fever-anli,eladven,1
MoritzLaurer/DeBERTa-v3-base-mnli-fever-anli,librarian-bot,1
MoritzLaurer/DeBERTa-v3-base-mnli-fever-anli,system,1
NbAiLab/nb-wav2vec2-300m-nynorsk,SFconvertbot,1
NbAiLab/nb-wav2vec2-300m-nynorsk,pere,13
NbAiLab/nb-wav2vec2-300m-nynorsk,perisolb,1
NbAiLab/nb-wav2vec2-300m-nynorsk,system,2
NbAiLab/nb-wav2vec2-300m-nynorsk,versae,10
NeuML/pubmedbert-base-embeddings,davidmezzetti,5
NlpHUST/ner-vietnamese-electra-base,SFconvertbot,1
NlpHUST/ner-vietnamese-electra-base,librarian-bot,1
NlpHUST/ner-vietnamese-electra-base,nhanv,9
NousResearch/Llama-2-7b-chat-hf,ArthurZ,2
NousResearch/Llama-2-7b-chat-hf,chrismarra,2
NousResearch/Llama-2-7b-chat-hf,emozilla,1
NousResearch/Llama-2-7b-chat-hf,fxmarty,1
NousResearch/Llama-2-7b-chat-hf,osanseviero,1
NousResearch/Llama-2-7b-chat-hf,teknium,1
OpenAssistant/oasst-sft-4-pythia-12b-epoch-3.5,andreaskoepf,11
OpenGVLab/InternVL2-8B,Weiyun1025,15
OpenGVLab/InternVL2-8B,cuierfei,4
OpenGVLab/InternVL2-8B,czczup,59
OpenGVLab/InternVL2-8B,kingsley01,1
OpenGVLab/InternVL2-8B,kosung,1
OpenGVLab/InternVL2-8B,marko1616,1
OpenGVLab/InternVL2-8B,merve,1
OpenGVLab/InternVL2-8B,qishisuren,1
OpenGVLab/InternVL2-8B,wxsm,1
Orenguteng/Llama-3-8B-Lexi-Uncensored,Orenguteng,7
Orenguteng/Llama-3-8B-Lexi-Uncensored,leaderboard-pr-bot,1
ProsusAI/finbert,Ubuntu,1
ProsusAI/finbert,Zulkuf,4
ProsusAI/finbert,doguaraci,10
ProsusAI/finbert,joaogante,1
ProsusAI/finbert,patrickvonplaten,2
ProsusAI/finbert,system,1
ProsusAI/finbert,theofpa,2
Qdrant/all-MiniLM-L6-v2-onnx,Anush008,1
Qdrant/all-MiniLM-L6-v2-onnx,generall93,2
Qdrant/all-MiniLM-L6-v2-onnx,jmzzomg,1
Qdrant/all-MiniLM-L6-v2-onnx,nirantk,7
Qwen/Qwen2.5-1.5B-Instruct,JustinLin610,2
Qwen/Qwen2.5-1.5B-Instruct,clonefy,3
Qwen/Qwen2.5-1.5B-Instruct,feihu.hf,1
Qwen/Qwen2.5-1.5B-Instruct,jklj077,2
Qwen/Qwen2.5-1.5B-Instruct,xianbao,1
RishuD7/CML_Text_date_number_blank_v1,RishuD7,11
Rostlab/prot_bert,julien-c,2
Rostlab/prot_bert,mheinz,1
Rostlab/prot_bert,system,8
RunDiffusion/Juggernaut-XL-v9,PseudoTerminal X,2
RunDiffusion/Juggernaut-XL-v9,RunDiffusion,24
RunDiffusion/Juggernaut-XL-v9,multimodalart,1
RunDiffusion/Juggernaut-XL-v9,patrickvonplaten,1
SG161222/RealVisXL_V4.0,SG161222,7
SWivid/F5-TTS,Lyte,1
SWivid/F5-TTS,SWivid,17
SWivid/F5-TTS,nielsr,1
SWivid/F5-TTS,zkniu,1
Salesforce/blip-image-captioning-large,Rocketknight1,1
Salesforce/blip-image-captioning-large,SFconvertbot,1
Salesforce/blip-image-captioning-large,Younes Belkada,1
Salesforce/blip-image-captioning-large,dacquaviva,1
Salesforce/blip-image-captioning-large,ybelkada,15
SamLowe/roberta-base-go_emotions,SFconvertbot,1
SamLowe/roberta-base-go_emotions,SamLowe,15
SanctumAI/Meta-Llama-3.1-8B-Instruct-GGUF,AndreyBest,5
SanctumAI/Meta-Llama-3.1-8B-Instruct-GGUF,cfahlgren1,1
SenswiseData/bert_cased_ner,SenswiseData,2
Shakker-Labs/FLUX.1-dev-LoRA-AntiBlur,wanghaofan,7
Snowflake/snowflake-arctic-embed-m,Xenova,3
Snowflake/snowflake-arctic-embed-m,lukemerrick,2
Snowflake/snowflake-arctic-embed-m,michaelfeil,1
Snowflake/snowflake-arctic-embed-m,spacemanidol,30
Snowflake/snowflake-arctic-embed-m,tomaarsen,1
Snowflake/snowflake-arctic-embed-m,williambarberjr,1
Snowflake/snowflake-arctic-embed-m,xdm222,3
SpanBERT/spanbert-large-cased,patrickvonplaten,3
SpanBERT/spanbert-large-cased,system,5
Sudanl/stable-diffusion-2-1-base-custom,Sudanl,2
Supabase/gte-small,RobSteele,1
Supabase/gte-small,Xenova,1
Supabase/gte-small,ggrn,8
Systran/faster-whisper-large-v3,ngkien,1
Systran/faster-whisper-large-v3,nguyendc,1
T-Systems-onsite/cross-en-de-roberta-sentence-transformer,Philip May,8
T-Systems-onsite/cross-en-de-roberta-sentence-transformer,PhilipMay,8
T-Systems-onsite/cross-en-de-roberta-sentence-transformer,SFconvertbot,1
T-Systems-onsite/cross-en-de-roberta-sentence-transformer,joaogante,1
T-Systems-onsite/cross-en-de-roberta-sentence-transformer,julien-c,1
T-Systems-onsite/cross-en-de-roberta-sentence-transformer,lbourdois,1
T-Systems-onsite/cross-en-de-roberta-sentence-transformer,patrickvonplaten,1
T-Systems-onsite/cross-en-de-roberta-sentence-transformer,system,7
THUDM/chatglm2-6b,Sengxian,3
THUDM/chatglm2-6b,ShiJueXiaofei,1
THUDM/chatglm2-6b,duzx16,34
THUDM/chatglm2-6b,osanseviero,1
THUDM/chatglm2-6b,youwei,2
THUDM/chatglm2-6b,yuxiaod,1
THUDM/chatglm2-6b,zxdu20,15
TahaDouaji/detr-doc-table-detection,SFconvertbot,1
TahaDouaji/detr-doc-table-detection,TahaDouaji,26
TahaDouaji/detr-doc-table-detection,nielsr,2
TaylorAI/bge-micro-v2,SFconvertbot,1
TaylorAI/bge-micro-v2,andersonbcdefg,30
Team-ACE/ToolACE-8B,ACE-Org,8
Team-ACE/ToolACE-8B,AngusHuang,7
TheBloke/Mistral-7B-Instruct-v0.2-GPTQ,TheBloke,4
TinyLlama/TinyLlama-1.1B-Chat-v1.0,PY007,16
TinyLlama/TinyLlama-1.1B-Chat-v1.0,Sirclavin,1
TinyLlama/TinyLlama-1.1B-Chat-v1.0,Wauplin,1
TinyLlama/TinyLlama-1.1B-Chat-v1.0,mrfakename,1
Tochka-AI/ruRoPEBert-e5-base-2k,Tochka-AI,7
UFNLP/gatortron-base,ChengPenguf,2
UFNLP/gatortron-base,avinashr175,1
UFNLP/gatortron-base,yonghuiwu,50
VAGOsolutions/Llama-3.1-SauerkrautLM-8b-Instruct,DavidGF,4
WhereIsAI/UAE-Large-V1,SeanLee97,46
WhereIsAI/UAE-Large-V1,Xenova,3
WhereIsAI/UAE-Large-V1,michaelfeil,1
WhereIsAI/UAE-Large-V1,tomaarsen,3
WinKawaks/vit-tiny-patch16-224,WinKawaks,8
WinKawaks/vit-tiny-patch16-224,system,2
XLabs-AI/flux-RealismLora,AndreyML,1
XLabs-AI/flux-RealismLora,anghellia,9
XLabs-AI/flux-RealismLora,asyotr,2
XLabs-AI/flux-RealismLora,gradient-diffusion,5
XLabs-AI/flux-RealismLora,multimodalart,2
XLabs-AI/flux-RealismLora,skybirdsports,1
Xenova/bge-base-en-v1.5,Xenova,8
Yehor/w2v-xls-r-uk,SFconvertbot,1
Yehor/w2v-xls-r-uk,Yehor,28
Yehor/w2v-xls-r-uk,Yehor Smoliakov,2
YituTech/conv-bert-base,abhishek,6
YituTech/conv-bert-base,system,1
YxZhang/evf-sam2-multitask,SFconvertbot,1
YxZhang/evf-sam2-multitask,YxZhang,4
ZhengPeng7/BiRefNet,Wauplin,1
ZhengPeng7/BiRefNet,ZhengPeng7,63
ZhengPeng7/BiRefNet,not-lain,3
ZhengPeng7/BiRefNet,osanseviero,1
adrianjoheni/translation-model-opus,adrianjoheni,6
adsabs/astroBERT,SFconvertbot,1
adsabs/astroBERT,fgrezes,25
adsabs/astroBERT,jcrpaquin-cfa,1
aglazkova/bart_finetuned_keyphrase_extraction,aglazkova,6
aglazkova/bart_finetuned_keyphrase_extraction,kdvisdjf rkeogkw,18
ai-forever/sbert_large_nlu_ru,Ibragim,3
ai-forever/sbert_large_nlu_ru,ai-forever,8
ai-forever/sbert_large_nlu_ru,patrickvonplaten,2
ai-forever/sbert_large_nlu_ru,sberbank-ai,4
ai-forever/sbert_large_nlu_ru,system,1
ai4bharat/indic-bert,anoopk,1
ai4bharat/indic-bert,divkakwani,2
ai4bharat/indic-bert,julien-c,1
ai4bharat/indic-bert,lbourdois,1
ai4bharat/indic-bert,system,8
ailegends/xlsr-jonatasgrosman-wav2vec2-large-xlsr-53-english,ailegends,3
albert/albert-base-v2,Narsil,1
albert/albert-base-v2,guillaume-be,1
albert/albert-base-v2,julien-c,1
albert/albert-base-v2,lysandre,3
albert/albert-base-v2,osanseviero,1
albert/albert-base-v2,patrickvonplaten,2
albert/albert-base-v2,pranshupant,1
albert/albert-base-v2,sgugger,2
albert/albert-base-v2,system,12
albert/albert-base-v2,tony9402,1
alefiury/wav2vec2-large-xlsr-53-gender-recognition-librispeech,SFconvertbot,1
alefiury/wav2vec2-large-xlsr-53-gender-recognition-librispeech,Salman11223,1
alefiury/wav2vec2-large-xlsr-53-gender-recognition-librispeech,alefiury,12
alefiury/wav2vec2-large-xlsr-53-gender-recognition-librispeech,librarian-bot,1
ali-vilab/In-Context-LoRA,lhhuang,14
allenai/longformer-base-4096,beltagy,1
allenai/longformer-base-4096,dirkgr,1
allenai/longformer-base-4096,florentgbelidji,1
allenai/longformer-base-4096,guillaume-be,1
allenai/longformer-base-4096,julien-c,1
allenai/longformer-base-4096,lbourdois,1
allenai/longformer-base-4096,sgugger,1
allenai/longformer-base-4096,system,5
allenai/longformer-base-4096,thomwolf,1
almanach/camembert-base,Ezi,1
almanach/camembert-base,SFconvertbot,1
almanach/camembert-base,julien-c,4
almanach/camembert-base,lysandre,2
almanach/camembert-base,rohitdavas,3
almanach/camembert-base,sgugger,7
almanach/camembert-base,system,9
almanach/camembert-base,wissamantoun,1
amazon/chronos-t5-small,SFconvertbot,1
amazon/chronos-t5-small,abdulfatir,3
amazon/chronos-t5-small,lostella,2
amazon/chronos-t5-small,osanseviero,1
amunchet/rorshark-vit-base,amunchet,5
answerdotai/answerai-colbert-small-v1,Xenova,1
answerdotai/answerai-colbert-small-v1,bclavie,29
answerdotai/answerai-colbert-small-v1,nbroad,1
answerdotai/answerai-colbert-small-v1,tomaarsen,1
anton-l/wav2vec2-random-tiny-classifier,speech-test,1
anton-l/wav2vec2-random-tiny-classifier,system,1
apple/OpenELM-1_1B-Instruct,qicao-apple,4
argmaxinc/whisperkit-coreml,ZachNagengast,5
argmaxinc/whisperkit-coreml,aotrih,119
argmaxinc/whisperkit-coreml,arda-argmax,20
argmaxinc/whisperkit-coreml,ardaibis,2
argmaxinc/whisperkit-coreml,b-argmax,3
argmaxinc/whisperkit-coreml,bpkeene,5
argmaxinc/whisperkit-coreml,takeargmax,1
artificialguybr/ColoringBookRedmond-V2,artificialguybr,4
ashawkey/mvdream-sd2.1-diffusers,ashawkey,6
aspire/acge_text_embedding,SFconvertbot,1
aspire/acge_text_embedding,aspire,16
aubmindlab/bert-base-arabertv02,AUB MIND LAB,3
aubmindlab/bert-base-arabertv02,SFconvertbot,1
aubmindlab/bert-base-arabertv02,aubmindlab,1
aubmindlab/bert-base-arabertv02,patrickvonplaten,2
aubmindlab/bert-base-arabertv02,system,1
aubmindlab/bert-base-arabertv02,wissamantoun,6
audeering/wav2vec2-large-robust-24-ft-age-gender,SFconvertbot,2
audeering/wav2vec2-large-robust-24-ft-age-gender,bzikst,1
audeering/wav2vec2-large-robust-24-ft-age-gender,frankenjoe,15
audeering/wav2vec2-large-robust-24-ft-age-gender,hagenw,1
autogluon/chronos-t5-tiny,SFconvertbot,1
autogluon/chronos-t5-tiny,abdulfatir,2
autogluon/chronos-t5-tiny,lostella,2
autogluon/chronos-t5-tiny,osanseviero,1
avsolatorio/GIST-small-Embedding-v0,avsolatorio,6
bartowski/Meta-Llama-3.1-8B-Instruct-GGUF,bartowski,106
bartowski/Meta-Llama-3.1-8B-Instruct-GGUF,zerroug,1
basel/ATTACK-BERT,basel,8
benjamin/wtp-canine-s-1l,benjamin,8
bespin-global/klue-sroberta-base-continue-learning-by-mnr,Copycats,11
bespin-global/klue-sroberta-base-continue-learning-by-mnr,JaeHyeong,1
bespin-global/klue-sroberta-base-continue-learning-by-mnr,SFconvertbot,1
bespin-global/klue-sroberta-base-continue-learning-by-mnr,jaehyeong an,1
bhadresh-savani/distilbert-base-uncased-emotion,SFconvertbot,1
bhadresh-savani/distilbert-base-uncased-emotion,autoevaluator,2
bhadresh-savani/distilbert-base-uncased-emotion,bhadresh-savani,19
bhadresh-savani/distilbert-base-uncased-emotion,system,1
bigcode/starcoder2-3b,RaymondLi,9
bigcode/starcoder2-3b,chargoddard,1
bigcode/starcoder2-3b,loubnabnl,9
bigcode/starcoder2-3b,lvwerra,4
bigscience/bloomz-560m,Muennighoff,10
bigscience/bloomz-560m,agemagician,1
bigscience/bloomz-560m,cakiki,2
bigscience/bloomz-560m,lewtun,2
bigscience/bloomz-560m,ybelkada,1
black-forest-labs/FLUX.1-schnell,dn6,1
black-forest-labs/FLUX.1-schnell,isidentical,1
black-forest-labs/FLUX.1-schnell,multimodalart,2
black-forest-labs/FLUX.1-schnell,sayakpaul,1
black-forest-labs/FLUX.1-schnell,sumith1896,5
black-forest-labs/FLUX.1-schnell,timudk,4
blanchefort/rubert-base-cased-sentiment-rusentiment,SFconvertbot,1
blanchefort/rubert-base-cased-sentiment-rusentiment,blanchefort,2
blanchefort/rubert-base-cased-sentiment-rusentiment,patrickvonplaten,2
blanchefort/rubert-base-cased-sentiment-rusentiment,system,1
blaze999/Medical-NER,blaze999,17
bofenghuang/whisper-large-v3-french,bofenghuang,13
bookbot/wav2vec2-ljspeech-gruut,SFconvertbot,1
bookbot/wav2vec2-ljspeech-gruut,librarian-bot,1
bookbot/wav2vec2-ljspeech-gruut,w11wo,39
botp/stable-diffusion-v1-5,agermanidis,1
botp/stable-diffusion-v1-5,orz99,1
briaai/RMBG-1.4,MishaF,8
briaai/RMBG-1.4,Negev900,30
briaai/RMBG-1.4,OriLib,66
briaai/RMBG-1.4,Xenova,3
briaai/RMBG-1.4,Yairadato,1
briaai/RMBG-1.4,linoyts,1
briaai/RMBG-1.4,mchenbria88,6
briaai/RMBG-1.4,mokady,1
briaai/RMBG-1.4,nielsr,2
briaai/RMBG-1.4,not-lain,1
briaai/RMBG-1.4,radames,1
briaai/RMBG-1.4,rbgo,1
briaai/RMBG-1.4,taldanieli,5
brunopio/Llama3-8B-1.58-100B-tokens-GGUF,brunopio,6
cagliostrolab/animagine-xl-3.1,Asahina2K,7
cagliostrolab/animagine-xl-3.1,ItsMeBell,2
cagliostrolab/animagine-xl-3.1,Linaqruf,6
cahya/bert-base-indonesian-NER,cahya,1
cahya/bert-base-indonesian-NER,jonathanjordan21,1
cahya/bert-base-indonesian-NER,patrickvonplaten,2
cahya/bert-base-indonesian-NER,system,15
cambridgeltl/SapBERT-from-PubMedBERT-fulltext,Fangyu Liu,1
cambridgeltl/SapBERT-from-PubMedBERT-fulltext,SFconvertbot,1
cambridgeltl/SapBERT-from-PubMedBERT-fulltext,fl399,11
cambridgeltl/SapBERT-from-PubMedBERT-fulltext,patrickvonplaten,2
cambridgeltl/SapBERT-from-PubMedBERT-fulltext,system,11
canerturkmen/bolt-test,canerturkmen,3
cardiffnlp/twitter-roberta-base-sentiment-latest,Cardiff NLP,4
cardiffnlp/twitter-roberta-base-sentiment-latest,Pedrada,7
cardiffnlp/twitter-roberta-base-sentiment-latest,asahi417,1
cardiffnlp/twitter-roberta-base-sentiment-latest,cardiffnlp,3
casperhansen/mistral-nemo-instruct-2407-awq,casperhansen,3
casperhansen/mistral-nemo-instruct-2407-awq,cfahlgren1,1
cecibas/Midnight-Miqu-70B-v1.5-4bit,cecibas,4
charactr/vocos-mel-24khz,hubertsiuzdak,4
charactr/vocos-mel-24khz,reach-vb,1
charsiu/en_w2v2_fc_10ms,charsiu,2
charsiu/en_w2v2_fc_10ms,system,1
city96/FLUX.1-dev-gguf,city96,17
ckiplab/bert-base-chinese-ws,emfomy,5
ckiplab/bert-base-chinese-ws,patrickvonplaten,2
ckiplab/bert-base-chinese-ws,system,1
cledoux42/Ethnicity_Test_v003,system,2
codesage/codesage-large,codesage,19
cointegrated/rubert-tiny,SFconvertbot,1
cointegrated/rubert-tiny,cointegrated,26
cointegrated/rubert-tiny,system,1
colbert-ir/colbertv2.0,SFconvertbot,1
colbert-ir/colbertv2.0,bergum,1
colbert-ir/colbertv2.0,not-lain,1
colbert-ir/colbertv2.0,okhattab,6
colbert-ir/colbertv2.0,wassemgtk,1
coqui/XTTS-v2,Edresson,3
coqui/XTTS-v2,Eren G??lge,4
coqui/XTTS-v2,Eren Gölge,1
coqui/XTTS-v2,erogol,17
coqui/XTTS-v2,gorkemgoknar,13
coqui/XTTS-v2,josh-r-meyer,1
coqui/XTTS-v2,julian78w,3
cross-encoder/ms-marco-MiniLM-L-6-v2,nreimers,3
cross-encoder/ms-marco-MiniLM-L-6-v2,patrickvonplaten,2
cross-encoder/ms-marco-MiniLM-L-6-v2,system,1
crynux-ai/stable-diffusion-v1-5,iwehf,5
crynux-ai/stable-diffusion-v1-5,lukewwww,1
csebuetnlp/banglat5_banglaparaphrase,Ajwad,1
csebuetnlp/banglat5_banglaparaphrase,abhik1505040,4
dangvantuan/sentence-camembert-large,SFconvertbot,1
dangvantuan/sentence-camembert-large,Van Tuan DANG,13
dangvantuan/sentence-camembert-large,dangvantuan,7
dangvantuan/sentence-camembert-large,joaogante,1
dangvantuan/sentence-camembert-large,system,1
dangvantuan/sentence-camembert-large,tomaarsen,1
dataautogpt3/ProteusV0.3,dataautogpt3,19
datificate/gpt2-small-spanish,datificate,11
datificate/gpt2-small-spanish,patrickvonplaten,2
datificate/gpt2-small-spanish,system,1
davebulaval/MeaningBERT,davebulaval,24
davidkim205/ko-gemma-2-9b-it,davidkim205,5
dbmdz/bert-large-cased-finetuned-conll03-english,SFconvertbot,1
dbmdz/bert-large-cased-finetuned-conll03-english,julien-c,1
dbmdz/bert-large-cased-finetuned-conll03-english,patrickvonplaten,2
dbmdz/bert-large-cased-finetuned-conll03-english,stefan-it,1
dbmdz/bert-large-cased-finetuned-conll03-english,system,10
dccuchile/bert-base-spanish-wwm-uncased,josecannete,6
dccuchile/bert-base-spanish-wwm-uncased,julien-c,1
dccuchile/bert-base-spanish-wwm-uncased,patrickvonplaten,2
dccuchile/bert-base-spanish-wwm-uncased,system,22
deepdml/faster-whisper-large-v3-turbo-ct2,NikitaKras,1
deepdml/faster-whisper-large-v3-turbo-ct2,Sonsal,1
deepdml/faster-whisper-large-v3-turbo-ct2,deepdml,13
deepset/roberta-base-squad2,Branden Chan,2
deepset/roberta-base-squad2,MichelBartelsDeepset,2
deepset/roberta-base-squad2,Narsil,1
deepset/roberta-base-squad2,Sebastian,1
deepset/roberta-base-squad2,Tuana,7
deepset/roberta-base-squad2,ZennyKenny,1
deepset/roberta-base-squad2,autoevaluator,2
deepset/roberta-base-squad2,brandenchan,1
deepset/roberta-base-squad2,guillaume-be,1
deepset/roberta-base-squad2,joaogante,2
deepset/roberta-base-squad2,julianrisch,9
deepset/roberta-base-squad2,julien-c,1
deepset/roberta-base-squad2,malte,1
deepset/roberta-base-squad2,notSoNLPnerd,1
deepset/roberta-base-squad2,patrickvonplaten,2
deepset/roberta-base-squad2,sjrhuschlee,2
deepset/roberta-base-squad2,system,14
deepset/roberta-base-squad2,timomo,2
depth-anything/Depth-Anything-V2-Large-hf,pcuenq,4
dicta-il/dictalm2.0-instruct,Shaltiel,8
diffusers/stable-diffusion-xl-1.0-inpainting-0.1,Pobmarku,1
diffusers/stable-diffusion-xl-1.0-inpainting-0.1,multimodalart,1
diffusers/stable-diffusion-xl-1.0-inpainting-0.1,valhalla,9
distil-whisper/distil-large-v3,reach-vb,1
distil-whisper/distil-large-v3,sanchit-gandhi,13
distilbert/distilbert-base-uncased,Marissa,1
distilbert/distilbert-base-uncased,Narsil,1
distilbert/distilbert-base-uncased,RatnaKumar,1
distilbert/distilbert-base-uncased,Thomas Wolf,2
distilbert/distilbert-base-uncased,julien-c,5
distilbert/distilbert-base-uncased,lysandre,2
distilbert/distilbert-base-uncased,patrickvonplaten,2
distilbert/distilbert-base-uncased,system,11
distributed/optimized-gpt2-1b,kmfoda,1865
dmis-lab/biobert-v1.1,patrickvonplaten,2
dmis-lab/biobert-v1.1,system,9
doc2query/msmarco-t5-base-v1,nreimers,1
doc2query/msmarco-t5-base-v1,system,1
dslim/bert-base-NER,Bencle,1
dslim/bert-base-NER,Narsil,1
dslim/bert-base-NER,dslim,14
dslim/bert-base-NER,julien-c,1
dslim/bert-base-NER,lewtun,1
dslim/bert-base-NER,patrickvonplaten,3
dslim/bert-base-NER,system,10
dslim/bert-base-NER,vpkprasanna,1
dtger/dt_style_1,dtger,62
dunzhang/stella_en_400M_v5,JesusCrist,1
dunzhang/stella_en_400M_v5,SFconvertbot,1
dunzhang/stella_en_400M_v5,infgrad,13
dunzhang/stella_en_400M_v5,jiahaunluo,1
dunzhang/stella_en_400M_v5,michaelfeil,1
echarlaix/tiny-random-mistral,echarlaix,3
eenzeenee/t5-base-korean-summarization,SFconvertbot,1
eenzeenee/t5-base-korean-summarization,eenzeenee,15
ehcalabres/wav2vec2-lg-xlsr-en-speech-emotion-recognition,SFconvertbot,1
ehcalabres/wav2vec2-lg-xlsr-en-speech-emotion-recognition,ehcalabres,8
ehcalabres/wav2vec2-lg-xlsr-en-speech-emotion-recognition,system,1
emilyalsentzer/Bio_ClinicalBERT,Emily Alsentzer,3
emilyalsentzer/Bio_ClinicalBERT,Rocketknight1,1
emilyalsentzer/Bio_ClinicalBERT,emilyalsentzer,2
emilyalsentzer/Bio_ClinicalBERT,julien-c,1
emilyalsentzer/Bio_ClinicalBERT,patrickvonplaten,2
emilyalsentzer/Bio_ClinicalBERT,system,11
emrecan/bert-base-turkish-cased-mean-nli-stsb-tr,emrecan,6
emrecan/bert-base-turkish-cased-mean-nli-stsb-tr,system,1
facebook/opt-1.3b,ArthurZ,8
facebook/opt-1.3b,LysandreJik,1
facebook/opt-1.3b,amyeroberts,1
facebook/opt-1.3b,joaogante,2
facebook/opt-1.3b,lysandre,3
facebook/opt-1.3b,patrickvonplaten,12
facebook/opt-1.3b,ybelkada,1
fal-collab-models/dreamshaper-xl-1-0,Icar,3
finiteautomata/beto-sentiment-analysis,finiteautomata,8
finiteautomata/beto-sentiment-analysis,patrickvonplaten,2
finiteautomata/beto-sentiment-analysis,system,12
fixie-ai/ultravox-v0_3,farzadab,16
fixie-ai/ultravox-v0_3,petersalas-fixie,5
fixie-ai/ultravox-v0_3,zkoch,1
flair/ner-english-fast,alanakbik,3
flair/ner-english-fast,julien-c,1
flair/ner-english-fast,system,1
furiosa-ai/mlperf-gpt-j-6b,JasonFuriosa,4
fxmarty/really-tiny-falcon-testing,Félix Marty,2
fxmarty/really-tiny-falcon-testing,fxmarty,1
ggml-org/models,ggerganov,17
ggml-org/models,ngxson,2
ggml-org/models,phymbert,3
ggrazzioli/cls_sentimento_sebrae,ggrazzioli,5
ggrazzioli/cls_sentimento_sebrae,system,2
ghunkins/prompt-expansion,ghunkins,2
gilf/french-camembert-postag-model,SFconvertbot,1
gilf/french-camembert-postag-model,gilf,1
gilf/french-camembert-postag-model,julien-c,1
gilf/french-camembert-postag-model,system,11
google-bert/bert-base-uncased,Narsil,1
google-bert/bert-base-uncased,PrisinMike,1
google-bert/bert-base-uncased,Thomas Wolf,1
google-bert/bert-base-uncased,asifanchor,1
google-bert/bert-base-uncased,buio,1
google-bert/bert-base-uncased,fxmarty,1
google-bert/bert-base-uncased,julien-c,3
google-bert/bert-base-uncased,lysandre,4
google-bert/bert-base-uncased,mixx,1
google-bert/bert-base-uncased,patrickvonplaten,4
google-bert/bert-base-uncased,pcuenq,1
google-bert/bert-base-uncased,sasaadi,1
google-bert/bert-base-uncased,sgugger,1
google-bert/bert-base-uncased,stevezhanggeek,1
google-bert/bert-base-uncased,system,11
google-t5/t5-small,Felix Marty,1
google-t5/t5-small,Julien Chaumond,1
google-t5/t5-small,Marissa,1
google-t5/t5-small,SFconvertbot,1
google-t5/t5-small,Xenova,2
google-t5/t5-small,fxmarty,3
google-t5/t5-small,guillaume-be,1
google-t5/t5-small,ivan0703,1
google-t5/t5-small,joaogante,1
google-t5/t5-small,julien-c,2
google-t5/t5-small,lbourdois,1
google-t5/t5-small,osanseviero,3
google-t5/t5-small,patrickvonplaten,5
google-t5/t5-small,sgugger,4
google-t5/t5-small,stas,1
google-t5/t5-small,system,12
google/vit-base-patch16-224-in21k,SFconvertbot,1
google/vit-base-patch16-224-in21k,nielsr,17
google/vit-base-patch16-224-in21k,system,1
google/vit-base-patch16-224-in21k,valhalla,1
h2oai/h2ogpt-4096-llama2-7b-chat,arnocandel,10
h94/IP-Adapter-FaceID,Renast,1
h94/IP-Adapter-FaceID,h94,41
h94/IP-Adapter-FaceID,matt3ounstable,1
h94/IP-Adapter-FaceID,multimodalart,1
h94/IP-Adapter-FaceID,sharoz,1
hfl/chinese-roberta-wwm-ext,Joint Laboratory of HIT and iFLYTEK Research (HFL),1
hfl/chinese-roberta-wwm-ext,hfl-rc,3
hfl/chinese-roberta-wwm-ext,patrickvonplaten,2
hfl/chinese-roberta-wwm-ext,system,10
hfl/chinese-roberta-wwm-ext,ymcui,1
hiiamsid/sentence_similarity_spanish_es,SFconvertbot,1
hiiamsid/sentence_similarity_spanish_es,hiiamsid,24
hiiamsid/sentence_similarity_spanish_es,system,1
hkunlp/instructor-large,multi-train,38
hkunlp/instructor-large,tianbaoxiexxx,4
hpcai-tech/OpenSora-VAE-v1.2,frankleeeee,5
huawei-noah/TinyBERT_General_4L_312D,Canwen Xu,1
huawei-noah/TinyBERT_General_4L_312D,julien-c,1
huawei-noah/TinyBERT_General_4L_312D,patrickvonplaten,2
huawei-noah/TinyBERT_General_4L_312D,system,4
hugging-quants/Llama-3.2-1B-Instruct-Q8_0-GGUF,reach-vb,5
huggyllama/llama-7b,Rocketknight1,1
huggyllama/llama-7b,huggyllama,6
hustvl/vitmatte-small-composition-1k,SFconvertbot,1
hustvl/vitmatte-small-composition-1k,nielsr,6
ibm-granite/granite-timeseries-ttm-r1,vijaye12,67
ibm-granite/granite-timeseries-ttm-r1,wmgifford,8
indobenchmark/indobert-base-p1,julien-c,1
indobenchmark/indobert-base-p1,patrickvonplaten,2
indobenchmark/indobert-base-p1,system,7
internlm/internlm-xcomposer2d5-clip,DLight1551,1
internlm/internlm-xcomposer2d5-clip,myownskyW7,2
intfloat/e5-large-v2,SFconvertbot,1
intfloat/e5-large-v2,hansihe,1
intfloat/e5-large-v2,intfloat,10
j-hartmann/emotion-english-distilroberta-base,j-hartmann,60
j-hartmann/emotion-english-distilroberta-base,joaogante,1
j-hartmann/emotion-english-distilroberta-base,system,1
jbetker/wav2vec2-large-robust-ft-libritts-voxpopuli,jbetker,3
jbetker/wav2vec2-large-robust-ft-libritts-voxpopuli,system,1
jhgan/ko-sroberta-multitask,jhgan,5
jhgan/ko-sroberta-multitask,joaogante,1
jhgan/ko-sroberta-multitask,system,1
jinaai/jina-embeddings-v3,Jackmin108,1
jinaai/jina-embeddings-v3,Xenova,1
jinaai/jina-embeddings-v3,bwang0911,36
jinaai/jina-embeddings-v3,edwardjross,1
jinaai/jina-embeddings-v3,jupyterjazz,19
jinaai/jina-embeddings-v3,knysfh,1
jinaai/jina-embeddings-v3,makram93,2
jinaai/jina-embeddings-v3,michael-guenther,1
jinaai/jina-embeddings-v3,nan,8
jinaai/jina-embeddings-v3,pewh,1
joeddav/xlm-roberta-large-xnli,Joe Davison,2
joeddav/xlm-roberta-large-xnli,SFconvertbot,1
joeddav/xlm-roberta-large-xnli,bourdoiscatie,1
joeddav/xlm-roberta-large-xnli,joeddav,6
joeddav/xlm-roberta-large-xnli,julien-c,1
joeddav/xlm-roberta-large-xnli,system,12
jonatasgrosman/wav2vec2-large-xlsr-53-english,Patrick von Platen,2
jonatasgrosman/wav2vec2-large-xlsr-53-english,SFconvertbot,1
jonatasgrosman/wav2vec2-large-xlsr-53-english,anton-l,5
jonatasgrosman/wav2vec2-large-xlsr-53-english,jonatasgrosman,21
jonatasgrosman/wav2vec2-large-xlsr-53-english,patrickvonplaten,1
jonatasgrosman/wav2vec2-large-xlsr-53-english,system,1
jonathandinu/face-parsing,SFconvertbot,1
jonathandinu/face-parsing,Xenova,2
jonathandinu/face-parsing,jonathandinu,16
jondurbin/unstuffer-v0.2,jondurbin,3
jordiclive/flan-t5-3b-summarizer,jordiclive,19
jtlicardo/bpmn-information-extraction-v2,SFconvertbot,1
jtlicardo/bpmn-information-extraction-v2,jtlicardo,9
jtlicardo/bpmn-information-extraction-v2,librarian-bot,1
jukofyork/creative-writing-control-vectors-v3.0,jukofyork,63
katuni4ka/tiny-random-baichuan2,katuni4ka,14
kingabzpro/wav2vec2-large-xls-r-300m-Urdu,SFconvertbot,1
kingabzpro/wav2vec2-large-xls-r-300m-Urdu,anton-l,1
kingabzpro/wav2vec2-large-xls-r-300m-Urdu,kingabzpro,47
kingabzpro/wav2vec2-large-xls-r-300m-Urdu,librarian-bot,1
kingabzpro/wav2vec2-large-xls-r-300m-Urdu,system,1
koheiduck/bert-japanese-finetuned-sentiment,koheiduck,4
kredor/punctuate-all,Orlin,14
kresnik/wav2vec2-large-xlsr-korean,SFconvertbot,1
kresnik/wav2vec2-large-xlsr-korean,kresnik,27
kresnik/wav2vec2-large-xlsr-korean,system,1
kuleshov-group/caduceus-ps_seqlen-131k_d_model-256_n_layer-16,yairschiff,13
kykim/bert-kor-base,kykim,3
kykim/bert-kor-base,patrickvonplaten,2
kykim/bert-kor-base,system,1
kyutai/mimi,ylacombe,7
laion/CLIP-ViT-B-16-laion2B-s34B-b88K,Ross Wightman,1
laion/CLIP-ViT-B-16-laion2B-s34B-b88K,rwightman,10
latent-consistency/lcm-lora-sdv1-5,SimianLuo,1
latent-consistency/lcm-lora-sdv1-5,patrickvonplaten,11
latent-consistency/lcm-lora-sdv1-5,valhalla,6
lengyue233/content-vec-best,lengyue233,3
lewtun/tiny-random-mt5,lewtun,3
liuhaotian/llava-v1.5-7b,Haotian Liu,1
liuhaotian/llava-v1.5-7b,liuhaotian,3
liuhaotian/llava-v1.5-7b,nielsr,1
liuhaotian/llava-v1.5-7b,osanseviero,1
llamafactory/tiny-random-Llama-3,hiyouga,12
llava-hf/llava-v1.6-mistral-7b-hf,RaushanTurganbay,13
llava-hf/llava-v1.6-mistral-7b-hf,merve,2
llava-hf/llava-v1.6-mistral-7b-hf,mirof,1
llava-hf/llava-v1.6-mistral-7b-hf,nielsr,15
llava-hf/llava-v1.6-mistral-7b-hf,yahya007,1
lllyasviel/sd-controlnet-canny,mishig,1
lllyasviel/sd-controlnet-canny,patrickvonplaten,13
lllyasviel/sd-controlnet-canny,williamberman,6
lmsys/vicuna-7b-v1.5,chujiezheng,1
lmsys/vicuna-7b-v1.5,lmzheng,13
lmsys/vicuna-7b-v1.5,weichiang,1
lucas-leme/FinBERT-PT-BR,lucas-leme,13
lxyuan/distilbert-base-multilingual-cased-sentiments-student,SFconvertbot,1
lxyuan/distilbert-base-multilingual-cased-sentiments-student,lxyuan,5
madebyollin/sdxl-vae-fp16-fix,madebyollin,24
madebyollin/sdxl-vae-fp16-fix,patrickvonplaten,2
madhurjindal/autonlp-Gibberish-Detector-492513457,SFconvertbot,3
madhurjindal/autonlp-Gibberish-Detector-492513457,abhishek,1
madhurjindal/autonlp-Gibberish-Detector-492513457,asofter,1
madhurjindal/autonlp-Gibberish-Detector-492513457,avielmak,1
madhurjindal/autonlp-Gibberish-Detector-492513457,madhurjindal,8
madhurjindal/autonlp-Gibberish-Detector-492513457,system,1
malteos/scincl,SFconvertbot,1
malteos/scincl,malteos,16
malteos/scincl,system,2
martin-ha/toxic-comment-model,martin-ha,11
martin-ha/toxic-comment-model,system,1
mattmdjaga/segformer_b2_clothes,DeokGyu,1
mattmdjaga/segformer_b2_clothes,SFconvertbot,1
mattmdjaga/segformer_b2_clothes,mattmdjaga,26
mattmdjaga/segformer_b2_clothes,nielsr,1
michaelfeil/bge-small-en-v1.5,ctranslate2-4you,1
michaelfeil/bge-small-en-v1.5,michaelfeil,6
michellejieli/emotion_text_classifier,michellejieli,12
microsoft/resnet-50,SFconvertbot,1
microsoft/resnet-50,Shubhamai,1
microsoft/resnet-50,amyeroberts,1
microsoft/resnet-50,nielsr,5
microsoft/resnet-50,regisss,1
microsoft/resnet-50,zuppif,3
mixedbread-ai/mxbai-embed-large-v1,Aamir,2
mixedbread-ai/mxbai-embed-large-v1,CoralLeiCN,1
mixedbread-ai/mxbai-embed-large-v1,RuiTheBaker,1
mixedbread-ai/mxbai-embed-large-v1,SeanLee97,4
mixedbread-ai/mxbai-embed-large-v1,Xenova,2
mixedbread-ai/mxbai-embed-large-v1,aamirshakir,4
mixedbread-ai/mxbai-embed-large-v1,iamlemec,1
mixedbread-ai/mxbai-embed-large-v1,jdwh08s,1
mixedbread-ai/mxbai-embed-large-v1,juliuslipp,14
mixedbread-ai/mxbai-embed-large-v1,michaelfeil,1
mixedbread-ai/mxbai-embed-large-v1,mixed-nlp,5
mixedbread-ai/mxbai-embed-large-v1,tomaarsen,2
ml6team/keyphrase-extraction-distilbert-inspec,DeDeckerThomas,12
ml6team/keyphrase-extraction-distilbert-inspec,Thomas De Decker,2
modularai/llama-3.1,jackos,3
modularai/llama-3.1,modularbot,2
mohitsha/tiny-random-testing-bert2gpt2,mohitsha,3
moka-ai/m3e-base,Howardxuan,2
moka-ai/m3e-base,MokaHR,17
moka-ai/m3e-base,SFconvertbot,1
moka-ai/m3e-base,wangyuxin,14
monologg/kobert,SFconvertbot,1
monologg/kobert,monologg,6
monologg/kobert,patrickvonplaten,2
monologg/kobert,system,12
mpoyraz/wav2vec2-xls-r-300m-cv7-turkish,anton-l,2
mpoyraz/wav2vec2-xls-r-300m-cv7-turkish,mpoyraz,5
mpoyraz/wav2vec2-xls-r-300m-cv7-turkish,system,2
mrm8488/distilroberta-finetuned-financial-news-sentiment-analysis,SFconvertbot,1
mrm8488/distilroberta-finetuned-financial-news-sentiment-analysis,mrm8488,21
mrm8488/distilroberta-finetuned-financial-news-sentiment-analysis,system,1
mtg-upf/discogs-maest-30s-pw-129e,p-alonso,27
myshell-ai/MeloTTS-English,ZenQin,3
myshell-ai/MeloTTS-English,ylacombe,2
nateraw/vit-age-classifier,Rucy,1
nateraw/vit-age-classifier,SFconvertbot,1
nateraw/vit-age-classifier,nateraw,4
nateraw/vit-age-classifier,system,1
nateraw/vit-age-classifier,yourusername,3
naver/splade-cocondenser-selfdistil,tformal,9
ncbi/MedCPT-Query-Encoder,SFconvertbot,1
ncbi/MedCPT-Query-Encoder,qiaojin,14
nesaorg/benchmark_v0,jamesdslab2,7
neulab/codebert-java,urialon,5
neuralmagic/Meta-Llama-3.1-8B-Instruct-FP8,Lin-K76,12
neuralmagic/Meta-Llama-3.1-8B-Instruct-FP8,alexmarques,3
neuralmagic/Meta-Llama-3.1-8B-Instruct-FP8,mgoin,1
neuralmind/bert-base-portuguese-cased,joaogante,1
neuralmind/bert-base-portuguese-cased,julien-c,1
neuralmind/bert-base-portuguese-cased,neuralmind,1
neuralmind/bert-base-portuguese-cased,patrickvonplaten,2
neuralmind/bert-base-portuguese-cased,system,9
nferruz/ProtGPT2,Noelia Ferruz,14
nferruz/ProtGPT2,fstocco,1
nferruz/ProtGPT2,nferruz,8
nfliu/deberta-v3-large_boolq,SFconvertbot,1
nfliu/deberta-v3-large_boolq,nfliu,19
nguyenvulebinh/wav2vec2-base-vi,nguyenvulebinh,7
nlpaueb/legal-bert-base-uncased,julien-c,1
nlpaueb/legal-bert-base-uncased,nlpaueb,13
nlpaueb/legal-bert-base-uncased,patrickvonplaten,2
nlpaueb/legal-bert-base-uncased,system,7
nlpconnect/vit-gpt2-image-captioning,ankur310794,11
nlpconnect/vit-gpt2-image-captioning,commonslash,1
nlpconnect/vit-gpt2-image-captioning,itsog,1
nlpconnect/vit-gpt2-image-captioning,nielsr,2
nlpconnect/vit-gpt2-image-captioning,system,1
nlpconnect/vit-gpt2-image-captioning,vishank97,1
nlptown/bert-base-multilingual-uncased-sentiment,julien-c,1
nlptown/bert-base-multilingual-uncased-sentiment,lysandre,1
nlptown/bert-base-multilingual-uncased-sentiment,machprod,1
nlptown/bert-base-multilingual-uncased-sentiment,nlptown,5
nlptown/bert-base-multilingual-uncased-sentiment,patrickvonplaten,2
nlptown/bert-base-multilingual-uncased-sentiment,rajKisHor,1
nlptown/bert-base-multilingual-uncased-sentiment,system,8
nomic-ai/nomic-embed-text-v1.5,MaxNomic,1
nomic-ai/nomic-embed-text-v1.5,Xenova,3
nomic-ai/nomic-embed-text-v1.5,michaelfeil,2
nomic-ai/nomic-embed-text-v1.5,zpn,28
ntu-spml/distilhubert,SFconvertbot,1
ntu-spml/distilhubert,anton-l,2
ntu-spml/distilhubert,patrickvonplaten,1
ntu-spml/distilhubert,speech-test,3
ntu-spml/distilhubert,system,1
ntu-spml/distilhubert,voidful,1
numind/NuNER_Zero,Serega6678,24
numind/NuNER_Zero,etiennebcp,12
nvidia/speakerverification_en_titanet_large,nithinraok,14
nvidia/speakerverification_en_titanet_large,smajumdar94,3
obh07/multilingual-e5-base-dolly-15k,obh07,2
obi/deid_roberta_i2b2,prajwal967,4
obi/deid_roberta_i2b2,system,2
oliverguhr/fullstop-punctuation-multilang-large,SFconvertbot,1
oliverguhr/fullstop-punctuation-multilang-large,aliaagheis,1
oliverguhr/fullstop-punctuation-multilang-large,joaogante,1
oliverguhr/fullstop-punctuation-multilang-large,libooo,1
oliverguhr/fullstop-punctuation-multilang-large,oliverguhr,25
oliverguhr/fullstop-punctuation-multilang-large,system,1
openai-community/gpt2,Narsil,1
openai-community/gpt2,fxmarty,1
openai-community/gpt2,joaogante,2
openai-community/gpt2,julien-c,4
openai-community/gpt2,lysandre,1
openai-community/gpt2,mathemakitten,1
openai-community/gpt2,patrickvonplaten,2
openai-community/gpt2,sgugger,2
openai-community/gpt2,system,15
openai/clip-vit-large-patch14,SFconvertbot,1
openai/clip-vit-large-patch14,SaulLu,1
openai/clip-vit-large-patch14,arda13olmez,1
openai/clip-vit-large-patch14,julien-c,1
openai/clip-vit-large-patch14,lysandre,1
openai/clip-vit-large-patch14,mishig,1
openai/clip-vit-large-patch14,patrickvonplaten,1
openai/clip-vit-large-patch14,system,1
openai/clip-vit-large-patch14,valhalla,6
openart-custom/AlbedoBase,Icar,2
openlm-research/open_llama_3b_v2,young-geng,3
opensearch-project/opensearch-neural-sparse-encoding-doc-v2-distill,SFconvertbot,1
opensearch-project/opensearch-neural-sparse-encoding-doc-v2-distill,zhichao-geng,12
optimum-internal-testing/tiny-random-llama,echarlaix,2
owkin/phikon,1aurent,1
owkin/phikon,EazyAl,9
owkin/phikon,afiliot,18
padmajabfrl/Gender-Classification,Padmaj Srivastav,6
papluca/xlm-roberta-base-language-detection,SFconvertbot,1
papluca/xlm-roberta-base-language-detection,lbourdois,1
papluca/xlm-roberta-base-language-detection,librarian-bot,2
papluca/xlm-roberta-base-language-detection,papluca,13
papluca/xlm-roberta-base-language-detection,system,1
patrickjohncyh/fashion-clip,SFconvertbot,1
patrickjohncyh/fashion-clip,baguettesesame,1
patrickjohncyh/fashion-clip,patrickjohncyh,30
patrickjohncyh/fashion-clip,vinid,3
patrickvonplaten/wavlm-libri-clean-100h-base-plus,patrickvonplaten,5
patrickvonplaten/wavlm-libri-clean-100h-base-plus,system,1
pdelobelle/robbert-v2-dutch-base,Pieter Delobelle,3
pdelobelle/robbert-v2-dutch-base,SFconvertbot,1
pdelobelle/robbert-v2-dutch-base,julien-c,2
pdelobelle/robbert-v2-dutch-base,patrickvonplaten,2
pdelobelle/robbert-v2-dutch-base,pdelobelle,7
pdelobelle/robbert-v2-dutch-base,system,19
peft-internal-testing/tiny-dummy-qwen2,BenjaminB,3
petals-team/StableBeluga2,borzunov,8
petals-team/StableBeluga2,j879,13
philschmid/bart-large-cnn-samsum,autoevaluator,2
philschmid/bart-large-cnn-samsum,lewtun,1
philschmid/bart-large-cnn-samsum,nbroad,1
philschmid/bart-large-cnn-samsum,philschmid,12
philschmid/bart-large-cnn-samsum,system,1
pierreguillou/ner-bert-base-cased-pt-lenerbr,pierreguillou,28
pierreguillou/ner-bert-base-cased-pt-lenerbr,system,1
playgroundai/playground-v2.5-1024px-aesthetic,Daiqing,4
playgroundai/playground-v2.5-1024px-aesthetic,aykamko,21
playgroundai/playground-v2.5-1024px-aesthetic,ehsanakh,13
playgroundai/playground-v2.5-1024px-aesthetic,justinlau,2
playgroundai/playground-v2.5-1024px-aesthetic,linrock,1
playgroundai/playground-v2.5-1024px-aesthetic,pcuenq,1
pparasurama/raceBERT-ethnicity,pparasurama,2
pparasurama/raceBERT-ethnicity,system,1
prajjwal1/bert-small,prajjwal1,4
prajjwal1/bert-small,system,5
princeton-nlp/sup-simcse-roberta-large,Tianyu Gao,1
princeton-nlp/sup-simcse-roberta-large,nazneen,1
princeton-nlp/sup-simcse-roberta-large,patrickvonplaten,2
princeton-nlp/sup-simcse-roberta-large,princeton-nlp,1
princeton-nlp/sup-simcse-roberta-large,system,1
prithivida/parrot_paraphraser_on_T5,prithivida,21
prithivida/parrot_paraphraser_on_T5,system,1
prs-eth/marigold-normals-lcm-v0-1,KevinQu7,2
prs-eth/marigold-normals-lcm-v0-1,toshas,9
pysentimiento/robertuito-sentiment-analysis,SFconvertbot,1
pysentimiento/robertuito-sentiment-analysis,finiteautomata,14
pysentimiento/robertuito-sentiment-analysis,joaogante,1
pysentimiento/robertuito-sentiment-analysis,system,1
qanastek/51-languages-classifier,qanastek,4
reazon-research/reazonspeech-nemo-v2,fujimotos,3
rinna/japanese-cloob-vit-b-16,SFconvertbot,1
rinna/japanese-cloob-vit-b-16,keisawada,3
rinna/japanese-cloob-vit-b-16,mkshing,13
rizvandwiki/gender-classification,SFconvertbot,1
rizvandwiki/gender-classification,rizvandwiki,4
s-nlp/roberta_toxicity_classifier,dardem,10
s-nlp/roberta_toxicity_classifier,etomoscow,3
s-nlp/roberta_toxicity_classifier,system,1
salmanshahid/vad,salmanshahid,4
sanchit-gandhi/whisper-medium-fleurs-lang-id,SFconvertbot,1
sanchit-gandhi/whisper-medium-fleurs-lang-id,librarian-bot,1
sanchit-gandhi/whisper-medium-fleurs-lang-id,sanchit-gandhi,14
seara/rubert-tiny2-russian-sentiment,SFconvertbot,1
seara/rubert-tiny2-russian-sentiment,seara,15
sentence-transformers-testing/stsb-bert-tiny-safetensors,tomaarsen,5
sentence-transformers/all-mpnet-base-v2,SFconvertbot,1
sentence-transformers/all-mpnet-base-v2,espejelomar,7
sentence-transformers/all-mpnet-base-v2,nreimers,4
sentence-transformers/all-mpnet-base-v2,system,1
sentence-transformers/all-mpnet-base-v2,tomaarsen,15
sentinet/suicidality,SFconvertbot,1
sentinet/suicidality,Yasin Dus,2
sentinet/suicidality,sentinet,4
sentinet/suicidality,sukanta,5
shahrukhx01/bert-mini-finetune-question-detection,SFconvertbot,1
shahrukhx01/bert-mini-finetune-question-detection,shahrukhx01,13
shahrukhx01/bert-mini-finetune-question-detection,system,1
shi-labs/oneformer_coco_swin_large,nielsr,1
shi-labs/oneformer_coco_swin_large,praeclarumjj3,22
shibing624/text2vec-base-chinese,Haxy,1
shibing624/text2vec-base-chinese,SFconvertbot,1
shibing624/text2vec-base-chinese,shibing624,29
shibing624/text2vec-base-chinese,silenuz,1
shibing624/text2vec-base-chinese,system,1
shibing624/text2vec-base-chinese,tomaarsen,3
smallcloudai/Refact-1_6B-fim,SFconvertbot,1
smallcloudai/Refact-1_6B-fim,katek,2
smallcloudai/Refact-1_6B-fim,mityasmc,1
smallcloudai/Refact-1_6B-fim,olegklimov,1
smallcloudai/Refact-1_6B-fim,svakhreev,30
solidrust/Codestral-22B-v0.1-hf-AWQ,Suparious,5
sonoisa/sentence-bert-base-ja-mean-tokens-v2,SFconvertbot,1
sonoisa/sentence-bert-base-ja-mean-tokens-v2,sonoisa,15
sonoisa/sentence-bert-base-ja-mean-tokens-v2,system,1
speechbrain/spkrec-ecapa-voxceleb,Adel-Moumen,2
speechbrain/spkrec-ecapa-voxceleb,Gastron,1
speechbrain/spkrec-ecapa-voxceleb,Mirco,6
speechbrain/spkrec-ecapa-voxceleb,Titouan,1
speechbrain/spkrec-ecapa-voxceleb,cemsubakan,1
speechbrain/spkrec-ecapa-voxceleb,mirco,5
speechbrain/spkrec-ecapa-voxceleb,mishig,1
speechbrain/spkrec-ecapa-voxceleb,osanseviero,4
speechbrain/spkrec-ecapa-voxceleb,speechbrainteam,21
speechbrain/spkrec-ecapa-voxceleb,system,1
sshleifer/distilbart-cnn-12-6,guillaume-be,1
sshleifer/distilbart-cnn-12-6,sgugger,1
sshleifer/distilbart-cnn-12-6,system,22
sshleifer/distilbart-cnn-12-6,valhalla,1
stabilityai/stable-diffusion-xl-base-1.0,MysteryGuitarMan,2
stabilityai/stable-diffusion-xl-base-1.0,PipFoweraker,1
stabilityai/stable-diffusion-xl-base-1.0,Robin Rombach,3
stabilityai/stable-diffusion-xl-base-1.0,echarlaix,4
stabilityai/stable-diffusion-xl-base-1.0,multimodalart,4
stabilityai/stable-diffusion-xl-base-1.0,patrickvonplaten,9
stabilityai/stable-diffusion-xl-base-1.0,rromb,13
stable-diffusion-v1-5/stable-diffusion-inpainting,sd-legacy,1
stablediffusionapi/realistic-vision-51,adhikjoshi,2
stepfun-ai/GOT-OCR2_0,ucaslcl,91
tasksource/deberta-small-long-nli,sileod,14
tencent/DepthCrafter,sdsdsdadasd3,1
tencent/DepthCrafter,wbhu-tc,3
textattack/bert-base-uncased-snli,patrickvonplaten,2
textattack/bert-base-uncased-snli,system,25
theainerd/Wav2Vec2-large-xlsr-hindi,SFconvertbot,1
theainerd/Wav2Vec2-large-xlsr-hindi,patrickvonplaten,1
theainerd/Wav2Vec2-large-xlsr-hindi,system,1
theainerd/Wav2Vec2-large-xlsr-hindi,theainerd,10
thenlper/gte-large,FL33TW00D,1
thenlper/gte-large,prrao,1
thenlper/gte-large,thenlper,24
thenlper/gte-large,tomaarsen,4
thenlper/gte-large,yapchunwei,1
tiiuae/falcon-7b-instruct,Daniel Hesslow,8
tiiuae/falcon-7b-instruct,DanielHesslow,1
tiiuae/falcon-7b-instruct,FalconLLM,12
tiiuae/falcon-7b-instruct,Rocketknight1,1
tiiuae/falcon-7b-instruct,SFconvertbot,1
tiiuae/falcon-7b-instruct,epignatelli,1
tiiuae/falcon-7b-instruct,julien-c,1
tiiuae/falcon-7b-instruct,nilabhra,1
tiiuae/falcon-7b-instruct,olivierdehaene,1
tiiuae/falcon-7b-instruct,pcuenq,1
tiiuae/falcon-7b-instruct,sgugger,1
tiiuae/falcon-7b-instruct,slippylolo,5
tiiuae/falcon-7b-instruct,victor,1
tiiuae/falcon-7b-instruct,ybelkada,2
timbrooks/instruct-pix2pix,kanhaiya0999,1
timbrooks/instruct-pix2pix,patrickvonplaten,11
timbrooks/instruct-pix2pix,radames,1
timbrooks/instruct-pix2pix,timbrooks,1
timbrooks/instruct-pix2pix,valhalla,6
timm/resnet50.a1_in1k,rwightman,3
timpal0l/mdeberta-v3-base-squad2,SFconvertbot,1
timpal0l/mdeberta-v3-base-squad2,timpal0l,10
tner/roberta-large-ontonotes5,asahi417,8
to-be/donut-base-finetuned-invoices,to-be,3
tohoku-nlp/bert-base-japanese,Julien Chaumond,1
tohoku-nlp/bert-base-japanese,Thomas Wolf,1
tohoku-nlp/bert-base-japanese,cl-tohoku,2
tohoku-nlp/bert-base-japanese,elishowk,1
tohoku-nlp/bert-base-japanese,lysandre,1
tohoku-nlp/bert-base-japanese,patrickvonplaten,2
tohoku-nlp/bert-base-japanese,singletongue,1
tohoku-nlp/bert-base-japanese,system,6
trl-internal-testing/tiny-random-LlamaForCausalLM,SFconvertbot,1
trl-internal-testing/tiny-random-LlamaForCausalLM,Younes Belkada,1
trl-internal-testing/tiny-random-LlamaForCausalLM,ybelkada,5
trpakov/vit-face-expression,Auyez Khassenov,1
trpakov/vit-face-expression,SFconvertbot,1
trpakov/vit-face-expression,trpakov,7
tsmatz/xlm-roberta-ner-japanese,SFconvertbot,1
tsmatz/xlm-roberta-ner-japanese,librarian-bot,1
tsmatz/xlm-roberta-ner-japanese,tsmatz,24
tuner007/pegasus_paraphrase,julien-c,1
tuner007/pegasus_paraphrase,system,6
tuner007/pegasus_paraphrase,tuner007,2
ufal/robeczech-base,Milan Straka,9
ufal/robeczech-base,SFconvertbot,1
ufal/robeczech-base,foxik,9
ufal/robeczech-base,nazneen,1
ufal/robeczech-base,system,1
unitary/toxic-bert,ckoecher,1
unitary/toxic-bert,laurahanu,6
unitary/toxic-bert,patrickvonplaten,2
unitary/toxic-bert,system,1
unitary/toxic-bert,unitary,5
unsloth/llama-3-8b-bnb-4bit,danielhanchen,66
unsloth/llama-3-8b-bnb-4bit,shimmyshimmer,7
unsloth/llama-3-8b-bnb-4bit,xianbao,1
unslothai/1,danielhanchen,5
vectara/hallucination_evaluation_model,Forrest Bao,4
vectara/hallucination_evaluation_model,Miaoran000,4
vectara/hallucination_evaluation_model,adrien357,1
vectara/hallucination_evaluation_model,eskibars,2
vectara/hallucination_evaluation_model,forrest-vectara,4
vectara/hallucination_evaluation_model,minseokbae,2
vectara/hallucination_evaluation_model,ofermend,16
vectara/hallucination_evaluation_model,simonhughes22,25
vikhyatk/moondream2,RahulPx,1
vikhyatk/moondream2,osanseviero,1
vikhyatk/moondream2,pranay-ar,1
vikhyatk/moondream2,vikhyatk,58
vikhyatk/moondream2,zesquirrelnator,1
vikp/surya_det3,vikp,46
vinai/phobert-base-v2,dqnguyen,6
vinid/plip,vinid,5
w11wo/indonesian-roberta-base-posp-tagger,SFconvertbot,1
w11wo/indonesian-roberta-base-posp-tagger,system,1
w11wo/indonesian-roberta-base-posp-tagger,w11wo,12
wangqixun/YamerMIX_v8,wangqixun,8
wasmdashai/wasmai-7b-v1,wasmdashai,2
xiaxy/elastic-bert-chinese-ner,xiaxy,3
xlnet/xlnet-base-cased,joaogante,1
xlnet/xlnet-base-cased,julien-c,1
xlnet/xlnet-base-cased,nielsr,3
xlnet/xlnet-base-cased,system,12
yangheng/deberta-v3-base-absa-v1.1,SFconvertbot,1
yangheng/deberta-v3-base-absa-v1.1,yangheng,10
yangheng/deberta-v3-base-absa-v1.1,yangheng95,1
ybelkada/tiny-random-T5ForConditionalGeneration-calibrated,Younes Belkada,1
ybelkada/tiny-random-T5ForConditionalGeneration-calibrated,ybelkada,2
yikuan8/Clinical-Longformer,system,1
yikuan8/Clinical-Longformer,yikuan8,18
yiyanghkust/finbert-tone,joaogante,1
yiyanghkust/finbert-tone,system,1
yiyanghkust/finbert-tone,yiyang,1
yiyanghkust/finbert-tone,yiyanghkust,18
yosuke/bert-base-japanese-char,Julien Chaumond,1
yosuke/bert-base-japanese-char,patrickvonplaten,2
yosuke/bert-base-japanese-char,system,13
zer0int/CLIP-GmP-ViT-L-14,zer0int,28
